order_id,customer_id,amount,currency,status,payment_method,transaction_date,gateway_ref
ORD_01000,CUST_7953,37349.87,INR,FAILED,WALLET,2024-02-10 00:00:00,RPZ_Q8R127J2
ORD_00617,CUST_5674,4160.27,INR,SUCCESS,NET_BANKING,2024-03-04 00:00:00,RPZ_4YI2IX5H
ORD_00918,CUST_7503,16663.7,INR,SUCCESS,WALLET,2024-01-13 00:00:00,RPZ_CHJLLMIP
ORD_00271,CUST_7696,5181.52,INR,SUCCESS,NET_BANKING,2024-01-16 00:00:00,RPZ_MT5A5UXD
ORD_00043,CUST_2576,23403.59,INR,REFUNDED,DEBIT_CARD,2024-02-25 00:00:00,RPZ_8NQY6L70
ORD_00900,CUST_8284,37153.43,INR,FAILED,UPI,2024-02-12 00:00:00,RPZ_BEH3R5Z9
ORD_00153,CUST_4507,7469.48,INR,FAILED,WALLET,2024-01-07 00:00:00,RPZ_CZ5443IT
ORD_00446,CUST_3837,3249.36,INR,FAILED,DEBIT_CARD,2024-03-17 00:00:00,RPZ_MTG0VI8L
ORD_00569,CUST_4855,29372.43,INR,SUCCESS,WALLET,2024-01-08 00:00:00,RPZ_ZOLBG2BG
ORD_00977,CUST_6482,17852.31,INR,SUCCESS,UPI,2024-03-11 00:00:00,RPZ_QTURE60N
ORD_00943,CUST_3549,19831.43,INR,SUCCESS,CREDIT_CARD,2024-03-01 00:00:00,RPZ_ZCNIMYHM
ORD_00370,CUST_6051,31261.63,INR,REFUNDED,DEBIT_CARD,2024-01-30 00:00:00,RPZ_XJDZY1EC
ORD_00254,CUST_9788,37177.22,INR,SUCCESS,CREDIT_CARD,2024-03-06 00:00:00,RPZ_PJSN8GBU
ORD_00415,CUST_6896,42532.7,INR,SUCCESS,NET_BANKING,2024-01-19 00:00:00,RPZ_45XXLY2G
ORD_00699,CUST_5866,12539.47,INR,SUCCESS,UPI,2024-03-05 00:00:00,RPZ_2KI24JEY
ORD_00860,CUST_5742,48503.59,INR,SUCCESS,NET_BANKING,2024-03-05 00:00:00,RPZ_32TNQP2P
ORD_00959,CUST_1877,8775.44,INR,SUCCESS,UPI,2024-01-01 00:00:00,RPZ_XU0TVAWS
ORD_00842,CUST_9437,45359.76,INR,SUCCESS,DEBIT_CARD,2024-02-29 00:00:00,RPZ_G73RC5BB
ORD_00316,CUST_9184,44676.44,INR,SUCCESS,DEBIT_CARD,2024-02-05 00:00:00,RPZ_HI5CP4A1
ORD_00823,CUST_2680,49707.02,INR,SUCCESS,CREDIT_CARD,2024-02-21 00:00:00,RPZ_KAYM27CI
ORD_00614,CUST_1155,6214.54,INR,SUCCESS,WALLET,2024-01-16 00:00:00,RPZ_HIZIUIGG
ORD_00326,CUST_9834,48957.35,INR,SUCCESS,NET_BANKING,2024-02-18 00:00:00,RPZ_R9WIYHX4
ORD_00892,CUST_4769,31738.04,INR,SUCCESS,NET_BANKING,2024-01-05 00:00:00,RPZ_9L0PJV9B
ORD_00258,CUST_5978,29745.6,INR,SUCCESS,DEBIT_CARD,2024-01-01 00:00:00,RPZ_E8Q3F7VM
ORD_00356,CUST_4244,5613.15,INR,SUCCESS,UPI,2024-02-16 00:00:00,RPZ_IX81Y926
ORD_00593,CUST_8289,21941.48,INR,FAILED,WALLET,2024-01-24 00:00:00,RPZ_PXLDOXPF
ORD_00333,CUST_3304,26510.23,INR,FAILED,NET_BANKING,2024-01-08 00:00:00,RPZ_R7D07J9T
ORD_00430,CUST_7246,23671.59,INR,SUCCESS,WALLET,2024-02-21 00:00:00,RPZ_5X3ZOXFT
ORD_00947,CUST_8699,5401.42,INR,SUCCESS,UPI,2024-02-07 00:00:00,RPZ_0TCMXMMX
ORD_00435,CUST_2417,26027.9,INR,REFUNDED,WALLET,2024-02-23 00:00:00,RPZ_9XCXVMSQ
ORD_00731,CUST_2839,31320.0,INR,SUCCESS,DEBIT_CARD,2024-03-16 00:00:00,RPZ_RECEH09G
ORD_00980,CUST_7301,36943.03,INR,SUCCESS,CREDIT_CARD,2024-01-15 00:00:00,RPZ_ANXP6PTS
ORD_00504,CUST_4265,237.05,INR,SUCCESS,NET_BANKING,2024-01-15 00:00:00,RPZ_7O1FWQ0L
ORD_00769,CUST_6021,27189.88,INR,SUCCESS,UPI,2024-03-28 00:00:00,RPZ_AS7ZRMOG
ORD_00135,CUST_3598,8802.47,INR,REFUNDED,CREDIT_CARD,2024-02-16 00:00:00,RPZ_TFUGR9AG
ORD_00020,CUST_3649,30265.74,INR,SUCCESS,UPI,2024-03-01 00:00:00,RPZ_EQOG2VNS
ORD_00963,CUST_7395,47220.68,INR,FAILED,CREDIT_CARD,2024-03-02 00:00:00,RPZ_SGKHCXDE
ORD_00634,CUST_8155,37541.63,INR,FAILED,DEBIT_CARD,2024-03-06 00:00:00,RPZ_1P121LHB
ORD_00735,CUST_3079,35986.51,INR,SUCCESS,WALLET,2024-02-09 00:00:00,RPZ_4YOEJ3QP
ORD_00384,CUST_4917,42021.16,INR,SUCCESS,WALLET,2024-03-15 00:00:00,RPZ_8L0DD3XO
ORD_00005,CUST_1517,241.6,INR,SUCCESS,NET_BANKING,2024-02-03 00:00:00,RPZ_R6T5U9MX
ORD_00797,CUST_9356,7526.7,INR,SUCCESS,NET_BANKING,2024-02-21 00:00:00,RPZ_KD1AV29V
ORD_00484,CUST_8863,6730.04,INR,SUCCESS,DEBIT_CARD,2024-01-10 00:00:00,RPZ_FNYBRWWH
ORD_00196,CUST_7302,34112.6,INR,SUCCESS,CREDIT_CARD,2024-03-06 00:00:00,RPZ_GQTMBYWM
ORD_00382,CUST_8772,990.62,INR,REFUNDED,NET_BANKING,2024-03-30 00:00:00,RPZ_YPX5LDWL
ORD_00620,CUST_1992,4353.85,INR,SUCCESS,UPI,2024-03-13 00:00:00,RPZ_6I04U4E0
ORD_00216,CUST_3062,19484.09,INR,FAILED,WALLET,2024-03-19 00:00:00,RPZ_TBCUBH6X
ORD_00170,CUST_2334,11975.51,INR,REFUNDED,WALLET,2024-02-15 00:00:00,RPZ_BFPNX8GV
ORD_00128,CUST_6165,10312.62,INR,FAILED,CREDIT_CARD,2024-02-07 00:00:00,RPZ_CEEUENVM
ORD_00715,CUST_3014,41310.75,INR,SUCCESS,WALLET,2024-02-21 00:00:00,RPZ_SSIBIIC8
ORD_00360,CUST_9868,27473.97,INR,FAILED,UPI,2024-02-01 00:00:00,RPZ_23QICYCL
ORD_00714,CUST_9736,1149.68,INR,SUCCESS,WALLET,2024-02-08 00:00:00,RPZ_55TMMCEE
ORD_00732,CUST_4438,30680.53,INR,SUCCESS,UPI,2024-02-11 00:00:00,RPZ_ITLZ9QFW
ORD_00521,CUST_4689,11849.68,INR,SUCCESS,UPI,2024-03-30 00:00:00,RPZ_AKIR5DGE
ORD_00838,CUST_3969,27296.62,INR,SUCCESS,UPI,2024-01-30 00:00:00,RPZ_GCDD7FFC
ORD_00091,CUST_2544,24866.18,INR,SUCCESS,DEBIT_CARD,2024-01-15 00:00:00,RPZ_M4BJ3ZMV
ORD_00291,CUST_3867,28150.92,INR,SUCCESS,UPI,2024-02-18 00:00:00,RPZ_UN32G9VZ
ORD_00284,CUST_7779,34338.49,INR,SUCCESS,WALLET,2024-03-18 00:00:00,RPZ_RRGJCVXD
ORD_00529,CUST_2073,36118.52,INR,SUCCESS,CREDIT_CARD,2024-02-08 00:00:00,RPZ_LTM8PWQU
ORD_00513,CUST_4770,46520.17,INR,SUCCESS,WALLET,2024-01-02 00:00:00,RPZ_TKDMU1N3
ORD_00351,CUST_9857,40833.74,INR,SUCCESS,UPI,2024-01-21 00:00:00,RPZ_FCU31VXJ
ORD_00068,CUST_2542,10791.32,INR,SUCCESS,WALLET,2024-01-15 00:00:00,RPZ_PHSN07H9
ORD_00925,CUST_8206,38106.55,INR,SUCCESS,CREDIT_CARD,2024-01-05 00:00:00,RPZ_FDZO0SPU
ORD_00888,CUST_6129,25874.09,INR,REFUNDED,CREDIT_CARD,2024-01-18 00:00:00,RPZ_VRFYIFT3
ORD_00317,CUST_1525,36444.88,INR,SUCCESS,CREDIT_CARD,2024-01-06 00:00:00,RPZ_WLG6D3S9
ORD_00130,CUST_1145,44170.73,INR,SUCCESS,UPI,2024-01-01 00:00:00,RPZ_T0RL4ML1
ORD_00916,CUST_2727,46835.08,INR,REFUNDED,DEBIT_CARD,2024-03-22 00:00:00,RPZ_B69DYG1Y
ORD_00458,CUST_2861,30309.76,INR,SUCCESS,WALLET,2024-03-10 00:00:00,RPZ_EXY5P63Y
ORD_00713,CUST_2835,36686.47,INR,SUCCESS,UPI,2024-01-27 00:00:00,RPZ_ZNHB43FL
ORD_00890,CUST_3708,14051.53,INR,SUCCESS,UPI,2024-01-18 00:00:00,RPZ_N9GIJQ7P
ORD_00448,CUST_6537,14488.43,INR,REFUNDED,DEBIT_CARD,2024-01-27 00:00:00,RPZ_PHV4WT1D
ORD_00082,CUST_2892,6562.17,INR,SUCCESS,WALLET,2024-01-10 00:00:00,RPZ_G4TZKJ51
ORD_00845,CUST_8274,31181.7,INR,SUCCESS,UPI,2024-02-12 00:00:00,RPZ_DU46N4ZC
ORD_00296,CUST_8356,1712.3,INR,SUCCESS,WALLET,2024-02-15 00:00:00,RPZ_RMBZPNX5
ORD_00119,CUST_3291,46674.4,INR,REFUNDED,WALLET,2024-02-08 00:00:00,RPZ_CW52BRMC
ORD_00642,CUST_2539,45035.73,INR,FAILED,UPI,2024-02-01 00:00:00,RPZ_7OFBQVWU
ORD_00670,CUST_8639,36880.37,INR,SUCCESS,NET_BANKING,2024-03-20 00:00:00,RPZ_2OOO3H9R
ORD_00227,CUST_3810,49628.17,INR,REFUNDED,WALLET,2024-02-28 00:00:00,RPZ_WBZLL47U
ORD_00621,CUST_5178,25387.33,INR,SUCCESS,DEBIT_CARD,2024-03-18 00:00:00,RPZ_FW12V4MI
ORD_00923,CUST_3259,10908.48,INR,FAILED,DEBIT_CARD,2024-01-30 00:00:00,RPZ_RZKSS4C1
ORD_00528,CUST_8194,39022.27,INR,REFUNDED,NET_BANKING,2024-01-21 00:00:00,RPZ_MIVKN1Q6
ORD_00487,CUST_6915,5071.68,INR,SUCCESS,UPI,2024-03-30 00:00:00,RPZ_4TLHAF9V
ORD_00821,CUST_9366,30854.37,INR,SUCCESS,CREDIT_CARD,2024-02-24 00:00:00,RPZ_MTYVOW6F
ORD_00881,CUST_2004,45394.44,INR,SUCCESS,DEBIT_CARD,2024-03-13 00:00:00,RPZ_L9NT6HDA
ORD_00830,CUST_6432,4658.35,INR,SUCCESS,UPI,2024-02-28 00:00:00,RPZ_W9NWJ538
ORD_00619,CUST_8314,2447.9,INR,REFUNDED,CREDIT_CARD,2024-03-02 00:00:00,RPZ_BKVSD18A
ORD_00021,CUST_1835,41494.57,INR,REFUNDED,WALLET,2024-01-14 00:00:00,RPZ_TGIJOPOD
ORD_00309,CUST_6881,47465.33,INR,SUCCESS,WALLET,2024-02-10 00:00:00,RPZ_R0LISTTR
ORD_00050,CUST_5076,35996.22,INR,SUCCESS,NET_BANKING,2024-02-17 00:00:00,RPZ_LVQM35G1
ORD_00136,CUST_3477,37195.41,INR,SUCCESS,NET_BANKING,2024-01-05 00:00:00,RPZ_BK7LDEF1
ORD_00758,CUST_8733,13473.74,INR,REFUNDED,DEBIT_CARD,2024-01-06 00:00:00,RPZ_F5PUQOKC
ORD_00674,CUST_9390,34891.81,INR,SUCCESS,CREDIT_CARD,2024-03-07 00:00:00,RPZ_3MXN7ROB
ORD_00345,CUST_5358,33760.8,INR,SUCCESS,DEBIT_CARD,2024-01-12 00:00:00,RPZ_D8QWHMNR
ORD_00344,CUST_4072,1215.11,INR,SUCCESS,DEBIT_CARD,2024-02-27 00:00:00,RPZ_PNHVHI5U
ORD_00607,CUST_9075,12062.63,INR,REFUNDED,WALLET,2024-01-17 00:00:00,RPZ_6EJAW69F
ORD_00417,CUST_2242,23286.57,INR,FAILED,NET_BANKING,2024-03-08 00:00:00,RPZ_LZZD0W67
ORD_00645,CUST_6234,448.54,INR,SUCCESS,NET_BANKING,2024-02-10 00:00:00,RPZ_YS2PTK2M
ORD_00420,CUST_5302,39508.46,INR,SUCCESS,CREDIT_CARD,2024-01-29 00:00:00,RPZ_7P147SFK
ORD_00120,CUST_2984,42582.52,INR,SUCCESS,WALLET,2024-03-06 00:00:00,RPZ_VEBGKWRQ
ORD_00704,CUST_3362,43246.47,INR,SUCCESS,CREDIT_CARD,2024-01-17 00:00:00,RPZ_SID9WO9I
ORD_00863,CUST_6352,6639.18,INR,FAILED,CREDIT_CARD,2024-01-27 00:00:00,RPZ_N6F2IJ18
ORD_00596,CUST_3248,41915.29,INR,SUCCESS,NET_BANKING,2024-02-25 00:00:00,RPZ_EUOIGY7R
ORD_00073,CUST_3823,2674.11,INR,SUCCESS,DEBIT_CARD,2024-02-16 00:00:00,RPZ_LA5XT884
ORD_00685,CUST_7038,19224.96,INR,REFUNDED,NET_BANKING,2024-02-03 00:00:00,RPZ_T16MVYNT
ORD_00571,CUST_7170,49137.64,INR,SUCCESS,UPI,2024-03-28 00:00:00,RPZ_GF1G243W
ORD_00304,CUST_6394,9424.41,INR,SUCCESS,DEBIT_CARD,2024-01-18 00:00:00,RPZ_O4W8QKJL
ORD_00098,CUST_6918,42434.38,INR,SUCCESS,NET_BANKING,2024-03-21 00:00:00,RPZ_GTK98P31
ORD_00955,CUST_2464,2628.89,INR,SUCCESS,CREDIT_CARD,2024-02-17 00:00:00,RPZ_0FW5LCMN
ORD_00766,CUST_2119,5523.44,INR,SUCCESS,DEBIT_CARD,2024-03-14 00:00:00,RPZ_HRO5D6VX
ORD_00206,CUST_3530,12171.82,INR,FAILED,DEBIT_CARD,2024-01-30 00:00:00,RPZ_MRK2SGI9
ORD_00279,CUST_1979,7666.36,INR,SUCCESS,DEBIT_CARD,2024-02-16 00:00:00,RPZ_0WMEB9LE
ORD_00374,CUST_7522,8353.89,INR,SUCCESS,WALLET,2024-03-11 00:00:00,RPZ_A7VXBKHJ
ORD_00033,CUST_1984,6343.21,INR,SUCCESS,DEBIT_CARD,2024-02-01 00:00:00,RPZ_8HJ6CCZI
ORD_00123,CUST_5767,42153.49,INR,REFUNDED,DEBIT_CARD,2024-03-21 00:00:00,RPZ_KU71B24C
ORD_00477,CUST_1255,37449.5,INR,SUCCESS,WALLET,2024-03-11 00:00:00,RPZ_Y0P3QQ2J
ORD_00393,CUST_7004,21514.55,INR,REFUNDED,CREDIT_CARD,2024-01-11 00:00:00,RPZ_NMLCFCNY
ORD_00856,CUST_7349,22172.24,INR,SUCCESS,CREDIT_CARD,2024-01-26 00:00:00,RPZ_7R9H6IYP
ORD_00327,CUST_8593,8605.16,INR,SUCCESS,NET_BANKING,2024-03-09 00:00:00,RPZ_ISLV1BDA
ORD_00403,CUST_7664,32967.22,INR,FAILED,CREDIT_CARD,2024-01-16 00:00:00,RPZ_LE0OLKY4
ORD_00885,CUST_8679,30438.0,INR,SUCCESS,CREDIT_CARD,2024-01-12 00:00:00,RPZ_XEM1T96R
ORD_00709,CUST_2137,30551.05,INR,SUCCESS,DEBIT_CARD,2024-01-07 00:00:00,RPZ_456UBXF1
ORD_00202,CUST_5668,43933.05,INR,SUCCESS,WALLET,2024-01-21 00:00:00,RPZ_LQ556CL8
ORD_00896,CUST_2529,25304.01,INR,SUCCESS,DEBIT_CARD,2024-02-20 00:00:00,RPZ_YGK89OZ4
ORD_00889,CUST_6599,15909.19,INR,FAILED,DEBIT_CARD,2024-02-15 00:00:00,RPZ_K3HA2PAN
ORD_00518,CUST_5785,28940.11,INR,SUCCESS,UPI,2024-03-05 00:00:00,RPZ_H0IZFVVK
ORD_00164,CUST_5979,41772.27,INR,SUCCESS,DEBIT_CARD,2024-02-08 00:00:00,RPZ_F41KGEVJ
ORD_00893,CUST_4909,30843.75,INR,REFUNDED,CREDIT_CARD,2024-01-19 00:00:00,RPZ_07UJZZTR
ORD_00690,CUST_4937,457.6,INR,SUCCESS,DEBIT_CARD,2024-01-27 00:00:00,RPZ_CQVARV37
ORD_00035,CUST_2059,24743.17,INR,SUCCESS,DEBIT_CARD,2024-02-18 00:00:00,RPZ_16PJCNSI
ORD_00483,CUST_7182,32598.7,INR,SUCCESS,CREDIT_CARD,2024-02-17 00:00:00,RPZ_W13EOLRU
ORD_00750,CUST_5815,35682.11,INR,SUCCESS,WALLET,2024-03-24 00:00:00,RPZ_NBTSOPHC
ORD_00018,CUST_4310,31983.05,INR,SUCCESS,CREDIT_CARD,2024-01-03 00:00:06,RPZ_O1ZY2L0G
ORD_00148,CUST_2628,26378.92,INR,REFUNDED,WALLET,2024-01-19 00:00:00,RPZ_PYGSEQMF
ORD_00336,CUST_5663,35373.66,INR,SUCCESS,UPI,2024-02-02 00:00:00,RPZ_SD71SDXE
ORD_00192,CUST_1864,10863.22,INR,FAILED,WALLET,2024-03-23 00:00:00,RPZ_0KLF0KS1
ORD_00589,CUST_5270,124.17,INR,SUCCESS,DEBIT_CARD,2024-02-24 00:00:00,RPZ_B86QL9ET
ORD_00965,CUST_9868,32091.86,INR,FAILED,WALLET,2024-03-12 00:00:00,RPZ_WLM53G1T
ORD_00913,CUST_4511,42613.07,INR,SUCCESS,DEBIT_CARD,2024-01-18 00:00:00,RPZ_SFK5TF7R
ORD_00810,CUST_8462,41687.94,INR,SUCCESS,NET_BANKING,2024-02-04 00:00:00,RPZ_CXFIEMSV
ORD_00377,CUST_5577,30379.57,INR,SUCCESS,UPI,2024-01-15 00:00:00,RPZ_FAD0RP0P
ORD_00224,CUST_9172,20632.37,INR,FAILED,WALLET,2024-02-24 00:00:00,RPZ_DZN2PZBY
ORD_00177,CUST_3298,31681.85,INR,SUCCESS,DEBIT_CARD,2024-03-14 00:00:00,RPZ_OTR6Y5G5
ORD_00631,CUST_9813,37015.87,INR,FAILED,DEBIT_CARD,2024-02-11 00:00:00,RPZ_7M2OO3DA
ORD_00056,CUST_6216,44966.47,INR,SUCCESS,UPI,2024-02-29 00:00:00,RPZ_E529M66V
ORD_00172,CUST_4804,22972.71,INR,SUCCESS,UPI,2024-02-25 00:00:00,RPZ_TW7K593T
ORD_00778,CUST_9285,23429.92,INR,SUCCESS,NET_BANKING,2024-01-20 00:00:00,RPZ_4EF5GG15
ORD_00835,CUST_2053,33130.48,INR,SUCCESS,WALLET,2024-02-23 00:00:00,RPZ_25Z6V1CS
ORD_00490,CUST_1634,11263.34,INR,SUCCESS,DEBIT_CARD,2024-02-07 00:00:00,RPZ_S93WV97F
ORD_00118,CUST_3852,46682.26,INR,SUCCESS,NET_BANKING,2024-02-23 00:00:00,RPZ_IZ2TBGX7
ORD_00466,CUST_6459,20346.32,INR,SUCCESS,WALLET,2024-01-29 00:00:00,RPZ_WNCZVJOE
ORD_00780,CUST_1699,11660.25,INR,REFUNDED,DEBIT_CARD,2024-01-21 00:00:00,RPZ_SLQNGGDK
ORD_00154,CUST_9407,23617.32,INR,SUCCESS,NET_BANKING,2024-03-14 00:00:00,RPZ_8TA4XSXA
ORD_00193,CUST_6394,35789.38,INR,SUCCESS,UPI,2024-03-04 00:00:00,RPZ_LWOSXMPY
ORD_00409,CUST_3528,1858.43,INR,SUCCESS,UPI,2024-01-17 00:00:00,RPZ_BYURSY7T
ORD_00557,CUST_6807,15753.46,INR,SUCCESS,CREDIT_CARD,2024-02-21 00:00:00,RPZ_CNZNB2C3
ORD_00692,CUST_9112,44212.88,INR,REFUNDED,NET_BANKING,2024-03-06 00:00:00,RPZ_2XNS8M3W
ORD_00595,CUST_9716,2346.79,INR,SUCCESS,DEBIT_CARD,2024-03-18 00:00:00,RPZ_8ASI7MIP
ORD_00742,CUST_3625,33661.86,INR,SUCCESS,DEBIT_CARD,2024-01-01 00:00:00,RPZ_B4LESUF5
ORD_00691,CUST_9165,49639.6,INR,FAILED,WALLET,2024-02-29 00:00:00,RPZ_JTNOJKE6
ORD_00451,CUST_3837,48407.67,INR,SUCCESS,WALLET,2024-03-19 00:00:00,RPZ_MIIHXOXM
ORD_00509,CUST_9463,40264.93,INR,SUCCESS,NET_BANKING,2024-02-18 00:00:00,RPZ_50FCWAKV
ORD_00601,CUST_2506,47722.66,INR,REFUNDED,WALLET,2024-02-06 00:00:00,RPZ_O132048J
ORD_00280,CUST_4257,40947.72,INR,SUCCESS,DEBIT_CARD,2024-01-26 00:00:00,RPZ_6MMBM7OO
ORD_00199,CUST_6109,49553.66,INR,SUCCESS,CREDIT_CARD,2024-03-08 00:00:00,RPZ_7DYPOIE0
ORD_00666,CUST_7535,16277.29,INR,FAILED,UPI,2024-03-01 00:00:00,RPZ_T1TBM7JK
ORD_00110,CUST_3889,25313.12,INR,FAILED,WALLET,2024-03-14 00:00:00,RPZ_RWD0KVDQ
ORD_00041,CUST_5870,41950.6,INR,FAILED,WALLET,2024-02-04 00:00:00,RPZ_PQA1HCN7
ORD_00223,CUST_6098,12926.24,INR,SUCCESS,NET_BANKING,2024-01-13 00:00:00,RPZ_8XSR4Z47
ORD_00993,CUST_3699,36577.71,INR,REFUNDED,CREDIT_CARD,2024-02-10 00:00:00,RPZ_RJQEG6FU
ORD_00479,CUST_2161,20318.19,INR,SUCCESS,CREDIT_CARD,2024-02-08 00:00:00,RPZ_BKJ44ZM5
ORD_00242,CUST_7896,460.0,INR,SUCCESS,NET_BANKING,2024-01-19 00:00:00,RPZ_CL3EPWUF
ORD_00442,CUST_4609,40516.6,INR,SUCCESS,NET_BANKING,2024-03-04 00:00:00,RPZ_Z6T1KHXE
ORD_00498,CUST_6805,36740.34,INR,SUCCESS,WALLET,2024-02-17 00:00:00,RPZ_FEKVOC0R
ORD_00664,CUST_4207,19033.07,INR,SUCCESS,NET_BANKING,2024-03-31 00:00:00,RPZ_00A35K3E
ORD_00465,CUST_2106,36416.97,INR,FAILED,NET_BANKING,2024-01-14 00:00:00,RPZ_ISP7VGB8
ORD_00294,CUST_7948,1752.28,INR,SUCCESS,DEBIT_CARD,2024-03-20 00:00:00,RPZ_6MIZ11TK
ORD_00321,CUST_3462,2054.54,INR,SUCCESS,CREDIT_CARD,2024-03-31 00:00:00,RPZ_TPIK2HYY
ORD_00520,CUST_1829,9209.23,INR,SUCCESS,UPI,2024-03-18 00:00:00,RPZ_OIAV6K39
ORD_00537,CUST_6444,42481.5,INR,SUCCESS,WALLET,2024-03-23 00:00:00,RPZ_MQAQT63U
ORD_00252,CUST_4653,14423.78,INR,REFUNDED,CREDIT_CARD,2024-03-27 00:00:00,RPZ_2KQZ4CPK
ORD_00652,CUST_2362,43172.39,INR,SUCCESS,DEBIT_CARD,2024-02-03 00:00:00,RPZ_MNMRL4OM
ORD_00412,CUST_4606,46196.53,INR,SUCCESS,NET_BANKING,2024-03-11 00:00:00,RPZ_3BX7FEMR
ORD_00075,CUST_8051,18264.87,INR,FAILED,NET_BANKING,2024-02-06 00:00:00,RPZ_P9BSZUL5
ORD_00366,CUST_8873,14490.53,INR,FAILED,DEBIT_CARD,2024-01-24 00:00:00,RPZ_SSYD4DFF
ORD_00839,CUST_2689,31511.48,INR,SUCCESS,DEBIT_CARD,2024-03-04 00:00:00,RPZ_B1057UV2
ORD_00560,CUST_1642,279.58,INR,FAILED,UPI,2024-03-22 00:00:00,RPZ_7QYFGA71
ORD_00794,CUST_8366,2434.35,INR,SUCCESS,WALLET,2024-01-24 00:00:00,RPZ_LI264BJH
ORD_00162,CUST_3737,45293.59,INR,SUCCESS,WALLET,2024-01-20 00:00:00,RPZ_RBA4HK4G
ORD_00379,CUST_2437,41679.26,INR,REFUNDED,WALLET,2024-03-27 00:00:00,RPZ_ZJIQGLWZ
ORD_00452,CUST_5969,19468.08,INR,REFUNDED,WALLET,2024-02-01 00:00:00,RPZ_J8GTPSOV
ORD_00109,CUST_4850,30569.24,INR,SUCCESS,WALLET,2024-02-13 00:00:00,RPZ_N8WV63UX
ORD_00754,CUST_7349,41145.17,INR,SUCCESS,CREDIT_CARD,2024-02-03 00:00:00,RPZ_GFQAKQTV
ORD_00250,CUST_4429,722.06,INR,FAILED,WALLET,2024-01-17 00:00:00,RPZ_FWJL21JW
ORD_00492,CUST_5611,45178.44,INR,SUCCESS,WALLET,2024-02-07 00:00:00,RPZ_6E3KBAKI
ORD_00760,CUST_8538,22119.86,INR,SUCCESS,CREDIT_CARD,2024-01-10 00:00:00,RPZ_STGRTPDX
ORD_00031,CUST_4791,9973.88,INR,SUCCESS,NET_BANKING,2024-02-17 00:00:00,RPZ_ZT84LB3N
ORD_00725,CUST_7439,25994.96,INR,SUCCESS,WALLET,2024-01-13 00:00:00,RPZ_KD41ZAYD
ORD_00388,CUST_4110,6415.56,INR,SUCCESS,CREDIT_CARD,2024-01-06 00:00:00,RPZ_VW6GWFP4
ORD_00796,CUST_9006,3123.22,INR,SUCCESS,NET_BANKING,2024-02-11 00:00:00,RPZ_87Q7JL6X
ORD_00971,CUST_7004,45617.15,INR,FAILED,UPI,2024-01-07 00:00:00,RPZ_HCU39Z9U
ORD_00775,CUST_8309,11131.96,INR,SUCCESS,WALLET,2024-01-16 00:00:00,RPZ_NDN2V87D
ORD_00657,CUST_2376,8396.18,INR,REFUNDED,UPI,2024-03-29 00:00:00,RPZ_ZQY6P68T
ORD_00337,CUST_6065,16197.11,INR,REFUNDED,WALLET,2024-01-03 00:00:00,RPZ_WTNVF3N2
ORD_00158,CUST_8781,12512.79,INR,SUCCESS,WALLET,2024-01-29 00:00:00,RPZ_1COMH5UM
ORD_00558,CUST_5954,24979.37,INR,REFUNDED,WALLET,2024-03-27 00:00:00,RPZ_5AV6EN0J
ORD_00089,CUST_7330,17570.93,INR,SUCCESS,WALLET,2024-03-20 00:00:00,RPZ_LQV9MB75
ORD_00052,CUST_5048,33717.73,INR,SUCCESS,DEBIT_CARD,2024-01-27 00:00:00,RPZ_7WEEQJRQ
ORD_00398,CUST_5636,17530.72,INR,SUCCESS,UPI,2024-03-22 00:00:00,RPZ_M1NN7H7F
ORD_00688,CUST_9483,25647.04,INR,SUCCESS,CREDIT_CARD,2024-01-02 00:00:00,RPZ_0F4TBGU8
ORD_00493,CUST_8050,162.51,INR,SUCCESS,CREDIT_CARD,2024-01-04 00:00:00,RPZ_3IGO2FO8
ORD_00649,CUST_6242,47888.54,INR,SUCCESS,CREDIT_CARD,2024-01-19 00:00:00,RPZ_7PH506V9
ORD_00554,CUST_3188,30705.37,INR,SUCCESS,UPI,2024-03-24 00:00:00,RPZ_P4D0VEK5
ORD_00083,CUST_5036,1986.36,INR,SUCCESS,UPI,2024-03-18 00:00:00,RPZ_HR1HHR43
ORD_00783,CUST_3497,31784.92,INR,SUCCESS,CREDIT_CARD,2024-02-06 00:00:00,RPZ_R7HS6SRT
ORD_00495,CUST_8653,5055.05,INR,FAILED,NET_BANKING,2024-03-05 00:00:00,RPZ_PY5IBGGX
ORD_00482,CUST_4650,4775.24,INR,SUCCESS,UPI,2024-03-22 00:00:00,RPZ_CNEIZZP5
ORD_00788,CUST_6443,17330.62,INR,SUCCESS,CREDIT_CARD,2024-03-08 00:00:00,RPZ_3INC61GH
ORD_00226,CUST_3230,36936.06,INR,SUCCESS,DEBIT_CARD,2024-02-16 00:00:00,RPZ_QHKSRUJY
ORD_00922,CUST_9235,48213.6,INR,REFUNDED,WALLET,2024-03-31 00:00:00,RPZ_BBM1I7VS
ORD_00414,CUST_1717,11717.93,INR,SUCCESS,WALLET,2024-02-12 00:00:00,RPZ_4YDD0I16
ORD_00944,CUST_3094,16352.56,INR,FAILED,UPI,2024-02-11 00:00:00,RPZ_CJ2ME9IY
ORD_00383,CUST_1898,25099.66,INR,SUCCESS,NET_BANKING,2024-03-02 00:00:00,RPZ_EK9L1IX3
ORD_00062,CUST_8652,23350.6,INR,SUCCESS,UPI,2024-03-13 00:00:00,RPZ_EMZ3BQC3
ORD_00914,CUST_4040,8205.0,INR,REFUNDED,WALLET,2024-02-06 00:00:00,RPZ_AILZVRX6
ORD_00871,CUST_2591,41566.66,INR,REFUNDED,DEBIT_CARD,2024-01-22 00:00:00,RPZ_R5CSVAXP
ORD_00009,CUST_9360,34185.8,INR,FAILED,UPI,2024-01-08 00:00:00,RPZ_GRCS75S3
ORD_00133,CUST_6577,4301.27,INR,SUCCESS,WALLET,2024-02-27 00:00:00,RPZ_OJ7F36QU
ORD_00968,CUST_5676,12009.34,INR,SUCCESS,WALLET,2024-02-11 00:00:20,RPZ_XBXEZ57L
ORD_00044,CUST_6075,47235.03,INR,REFUNDED,CREDIT_CARD,2024-03-13 00:00:00,RPZ_2M1Q025Y
ORD_00948,CUST_5246,36948.91,INR,REFUNDED,DEBIT_CARD,2024-02-06 00:00:00,RPZ_OMXL6YID
ORD_00357,CUST_9358,30978.95,INR,SUCCESS,UPI,2024-02-12 00:00:00,RPZ_9PF507EQ
ORD_00662,CUST_3070,21757.53,INR,REFUNDED,NET_BANKING,2024-02-15 00:00:00,RPZ_ZK61LPBY
ORD_00551,CUST_2233,24073.08,INR,SUCCESS,UPI,2024-01-29 00:00:00,RPZ_1F0EEUAD
ORD_00974,CUST_8062,48852.83,INR,SUCCESS,NET_BANKING,2024-02-06 00:00:00,RPZ_8V3RDLXU
ORD_00818,CUST_2563,19936.31,INR,SUCCESS,WALLET,2024-01-10 00:00:00,RPZ_F8SH1FS7
ORD_00627,CUST_5258,29124.61,INR,REFUNDED,CREDIT_CARD,2024-02-02 00:00:00,RPZ_MO6MEIQS
ORD_00269,CUST_7835,534.66,INR,SUCCESS,WALLET,2024-03-14 00:00:26,RPZ_02IO1BXX
ORD_00549,CUST_6007,39486.64,INR,SUCCESS,DEBIT_CARD,2024-02-08 00:00:00,RPZ_SSE6AX37
ORD_00059,CUST_2863,11877.28,INR,SUCCESS,CREDIT_CARD,2024-02-09 00:00:00,RPZ_BVI6PZ32
ORD_00385,CUST_6055,35161.38,INR,SUCCESS,CREDIT_CARD,2024-02-22 00:00:00,RPZ_FHUXMCGI
ORD_00689,CUST_5505,37456.04,INR,REFUNDED,UPI,2024-02-15 00:00:00,RPZ_U447SO9Z
ORD_00613,CUST_6399,4393.46,INR,REFUNDED,NET_BANKING,2024-03-07 00:00:00,RPZ_MCNVF50L
ORD_00260,CUST_7930,26020.28,INR,FAILED,NET_BANKING,2024-01-13 00:00:00,RPZ_DLRE9FG8
ORD_00727,CUST_4343,14248.92,INR,SUCCESS,UPI,2024-03-11 00:00:00,RPZ_YZFL90PN
ORD_00328,CUST_6446,20628.46,INR,SUCCESS,CREDIT_CARD,2024-02-27 00:00:00,RPZ_FSMW05PI
ORD_00982,CUST_7138,44134.71,INR,REFUNDED,UPI,2024-03-23 00:00:00,RPZ_25C8SJ65
ORD_00459,CUST_3771,28590.64,INR,SUCCESS,CREDIT_CARD,2024-02-11 00:00:00,RPZ_ODPBIS6N
ORD_00197,CUST_9278,21686.34,INR,SUCCESS,WALLET,2024-02-02 00:00:00,RPZ_7IPGHNNK
ORD_00721,CUST_3812,11047.17,INR,REFUNDED,NET_BANKING,2024-03-13 00:00:00,RPZ_3OXP2H03
ORD_00402,CUST_7481,42887.72,INR,FAILED,NET_BANKING,2024-01-25 00:00:00,RPZ_WABM14JJ
ORD_00581,CUST_5455,48758.86,INR,REFUNDED,NET_BANKING,2024-03-08 00:00:00,RPZ_X3RRO0BY
ORD_00095,CUST_4868,29309.35,INR,SUCCESS,NET_BANKING,2024-02-01 00:00:00,RPZ_HHEVUSOV
ORD_00028,CUST_5930,27701.44,INR,SUCCESS,UPI,2024-03-19 00:00:00,RPZ_QOWJ6QT4
ORD_00956,CUST_2706,18114.79,INR,SUCCESS,CREDIT_CARD,2024-02-29 00:00:00,RPZ_Z7YCQP9Z
ORD_00464,CUST_4177,17702.78,INR,FAILED,DEBIT_CARD,2024-02-20 00:00:00,RPZ_L9930F4P
ORD_00744,CUST_7840,24637.36,INR,SUCCESS,CREDIT_CARD,2024-01-28 00:00:00,RPZ_LWTULXVX
ORD_00597,CUST_2945,46467.34,INR,FAILED,DEBIT_CARD,2024-03-04 00:00:00,RPZ_2R4OX396
ORD_00650,CUST_3064,829.46,INR,SUCCESS,NET_BANKING,2024-03-04 00:00:00,RPZ_RM6086AI
ORD_00174,CUST_8106,12136.85,INR,SUCCESS,NET_BANKING,2024-02-19 00:00:00,RPZ_HL3KERAV
ORD_00998,CUST_9618,3996.22,INR,FAILED,CREDIT_CARD,2024-02-05 00:00:00,RPZ_VE0D2KIN
ORD_00204,CUST_4980,13635.36,INR,SUCCESS,CREDIT_CARD,2024-01-12 00:00:00,RPZ_NOKIEOJZ
ORD_00995,CUST_9215,46960.44,INR,SUCCESS,CREDIT_CARD,2024-01-12 00:00:00,RPZ_ZQ3WWTQZ
ORD_00954,CUST_2576,7927.62,INR,SUCCESS,UPI,2024-01-28 00:00:00,RPZ_WK6WSH4I
ORD_00514,CUST_3164,48728.9,INR,REFUNDED,DEBIT_CARD,2024-02-01 00:00:00,RPZ_ATKTGS5Q
ORD_00773,CUST_4879,22644.75,INR,SUCCESS,UPI,2024-01-23 00:00:00,RPZ_P1KBEJ4P
ORD_00941,CUST_9367,10531.34,INR,SUCCESS,UPI,2024-03-27 00:00:00,RPZ_RBG61DN3
ORD_00505,CUST_7014,4373.98,INR,FAILED,UPI,2024-01-06 00:00:00,RPZ_ECURNZFN
ORD_00157,CUST_7170,25722.65,INR,SUCCESS,NET_BANKING,2024-01-16 00:00:00,RPZ_UN2DRVE2
ORD_00445,CUST_9726,43574.63,INR,REFUNDED,WALLET,2024-03-05 00:00:00,RPZ_IGANL1VB
ORD_00809,CUST_8450,33192.91,INR,SUCCESS,WALLET,2024-01-22 00:00:00,RPZ_19T8EL6G
ORD_00684,CUST_8027,40551.21,INR,SUCCESS,UPI,2024-02-22 00:00:00,RPZ_RSLQUW2S
ORD_00375,CUST_4013,17381.72,INR,SUCCESS,CREDIT_CARD,2024-03-08 00:00:00,RPZ_CBQTJ6K4
ORD_00623,CUST_2998,31191.86,INR,SUCCESS,WALLET,2024-02-22 00:00:00,RPZ_5E1Y5ZQB
ORD_00134,CUST_9928,927.14,INR,REFUNDED,DEBIT_CARD,2024-01-31 00:00:00,RPZ_9UIN1F32
ORD_00660,CUST_8923,4681.09,INR,SUCCESS,NET_BANKING,2024-03-21 00:00:00,RPZ_1IWF9AS0
ORD_00912,CUST_7694,16450.03,INR,FAILED,UPI,2024-03-21 00:00:00,RPZ_BUXC6YF6
ORD_00632,CUST_6976,32339.81,INR,SUCCESS,WALLET,2024-02-19 00:00:00,RPZ_HW4G9MLK
ORD_00873,CUST_2380,10755.3,INR,FAILED,CREDIT_CARD,2024-01-02 00:00:00,RPZ_2ZVYWBQO
ORD_00215,CUST_4529,29932.91,INR,REFUNDED,CREDIT_CARD,2024-01-04 00:00:00,RPZ_P3OLZ5TP
ORD_00262,CUST_7861,1037.31,INR,SUCCESS,DEBIT_CARD,2024-03-01 00:00:00,RPZ_GHNQHOMU
ORD_00080,CUST_7135,26715.51,INR,SUCCESS,CREDIT_CARD,2024-02-03 00:00:00,RPZ_235JFHLN
ORD_00055,CUST_2690,3332.11,INR,SUCCESS,WALLET,2024-01-05 00:00:00,RPZ_DMUHP13Z
ORD_00125,CUST_6566,37947.27,INR,SUCCESS,UPI,2024-01-19 00:00:00,RPZ_FM7DPVHY
ORD_00194,CUST_7254,13451.34,INR,SUCCESS,WALLET,2024-03-05 00:00:00,RPZ_WTB9EFCJ
ORD_00527,CUST_9997,36445.89,INR,SUCCESS,DEBIT_CARD,2024-01-09 00:00:00,RPZ_WTPZNA4Z
ORD_00151,CUST_9730,46770.53,INR,SUCCESS,NET_BANKING,2024-03-27 00:00:00,RPZ_FZJ3G8J9
ORD_00929,CUST_2744,41126.46,INR,SUCCESS,CREDIT_CARD,2024-02-07 00:00:00,RPZ_1WBLU23I
ORD_00979,CUST_4398,43594.27,INR,SUCCESS,DEBIT_CARD,2024-03-12 00:00:00,RPZ_D7ADN1SB
ORD_00014,CUST_4985,23633.29,INR,SUCCESS,UPI,2024-02-03 00:00:00,RPZ_SIBP9WQS
ORD_00938,CUST_5793,30797.88,INR,SUCCESS,UPI,2024-03-12 00:00:00,RPZ_S7WKC06R
ORD_00833,CUST_5785,46652.15,INR,SUCCESS,CREDIT_CARD,2024-01-08 00:00:00,RPZ_4J1FOTAB
ORD_00207,CUST_2809,4501.93,INR,FAILED,CREDIT_CARD,2024-03-14 00:00:00,RPZ_ZB35DUPU
ORD_00325,CUST_6528,21398.15,INR,SUCCESS,DEBIT_CARD,2024-01-06 00:00:00,RPZ_76GI77FB
ORD_00801,CUST_1862,27017.42,INR,FAILED,CREDIT_CARD,2024-01-08 00:00:00,RPZ_DKKCTM5K
ORD_00449,CUST_1787,14833.13,INR,FAILED,NET_BANKING,2024-01-30 00:00:00,RPZ_D1EDW3QD
ORD_00081,CUST_7528,8073.54,INR,REFUNDED,DEBIT_CARD,2024-01-24 00:00:00,RPZ_RKSCH6L7
ORD_00263,CUST_4684,31492.09,INR,SUCCESS,DEBIT_CARD,2024-03-13 00:00:00,RPZ_85I9EGSY
ORD_00023,CUST_6948,11709.97,INR,REFUNDED,UPI,2024-01-23 00:00:00,RPZ_RQ9PA8P2
ORD_00653,CUST_3243,14717.35,INR,FAILED,DEBIT_CARD,2024-03-30 00:00:00,RPZ_54SG9OOR
ORD_00568,CUST_8951,31040.67,INR,SUCCESS,CREDIT_CARD,2024-03-19 00:00:00,RPZ_6R7TBZUR
ORD_00795,CUST_3471,13967.62,INR,SUCCESS,UPI,2024-02-15 00:00:00,RPZ_6DQEZIV7
ORD_00391,CUST_1512,7698.3,INR,SUCCESS,UPI,2024-03-30 00:00:00,RPZ_E4ZMGXOI
ORD_00500,CUST_5323,4514.95,INR,SUCCESS,CREDIT_CARD,2024-01-20 00:00:00,RPZ_L3ML1832
ORD_00827,CUST_6335,43475.2,INR,SUCCESS,DEBIT_CARD,2024-01-01 00:00:00,RPZ_KUHKFPNE
ORD_00972,CUST_7093,37966.99,INR,SUCCESS,UPI,2024-01-07 00:00:00,RPZ_WHKE5UNP
ORD_00936,CUST_1967,41725.34,INR,FAILED,CREDIT_CARD,2024-02-11 00:00:00,RPZ_NTIMW0SE
ORD_00432,CUST_1466,13057.82,INR,SUCCESS,DEBIT_CARD,2024-01-27 00:00:00,RPZ_R9FMFWB6
ORD_00768,CUST_9118,38001.79,INR,SUCCESS,NET_BANKING,2024-01-27 00:00:33,RPZ_3NK1F53V
ORD_00600,CUST_1309,29912.07,INR,FAILED,DEBIT_CARD,2024-02-04 00:00:00,RPZ_AT00T3PO
ORD_00395,CUST_8281,43848.98,INR,SUCCESS,DEBIT_CARD,2024-02-18 00:00:00,RPZ_XJ276HVU
ORD_00503,CUST_5699,36592.97,INR,SUCCESS,UPI,2024-03-06 00:00:00,RPZ_QEGD0UYH
ORD_00825,CUST_3854,23250.18,INR,SUCCESS,UPI,2024-01-25 00:00:00,RPZ_5UFCP7A4
ORD_00951,CUST_8938,25311.45,INR,FAILED,NET_BANKING,2024-03-06 00:00:00,RPZ_FZ2M7V64
ORD_00368,CUST_6032,2215.91,INR,SUCCESS,DEBIT_CARD,2024-03-30 00:00:00,RPZ_HV7ZTUQO
ORD_00334,CUST_3030,27993.08,INR,SUCCESS,NET_BANKING,2024-01-18 00:00:00,RPZ_X1BQ92MY
ORD_00911,CUST_2726,34865.45,INR,SUCCESS,CREDIT_CARD,2024-01-08 00:00:00,RPZ_MSJGODD7
ORD_00646,CUST_9171,23249.26,INR,SUCCESS,WALLET,2024-01-12 00:00:00,RPZ_OKRYFQOW
ORD_00439,CUST_9226,38555.0,INR,SUCCESS,WALLET,2024-02-03 00:00:00,RPZ_SF2I2ZMS
ORD_00934,CUST_6973,5759.85,INR,SUCCESS,WALLET,2024-02-18 00:00:00,RPZ_J1BJ38TO
ORD_00213,CUST_9168,16269.06,INR,SUCCESS,DEBIT_CARD,2024-01-22 00:00:00,RPZ_SRFVOSTC
ORD_00099,CUST_5507,41549.12,INR,REFUNDED,WALLET,2024-02-23 00:00:00,RPZ_OI1ZREBW
ORD_00562,CUST_8389,41205.21,INR,REFUNDED,UPI,2024-01-07 00:00:00,RPZ_MOU2UEHV
ORD_00264,CUST_6580,1576.37,INR,FAILED,WALLET,2024-01-02 00:00:00,RPZ_EOQ70DDJ
ORD_00169,CUST_3552,27593.18,INR,SUCCESS,NET_BANKING,2024-03-01 00:00:00,RPZ_4SD4GTYT
ORD_00515,CUST_8414,23671.34,INR,SUCCESS,NET_BANKING,2024-02-02 00:00:00,RPZ_30LT7WMO
ORD_00785,CUST_2864,43109.02,INR,SUCCESS,WALLET,2024-02-14 00:00:00,RPZ_2GE5GDL7
ORD_00387,CUST_5811,41229.87,INR,FAILED,WALLET,2024-02-11 00:00:00,RPZ_4W8X7B2J
ORD_00406,CUST_2892,20420.67,INR,SUCCESS,NET_BANKING,2024-03-18 00:00:00,RPZ_7TRRL8B7
ORD_00300,CUST_9144,21946.82,INR,SUCCESS,DEBIT_CARD,2024-03-02 00:00:00,RPZ_MOYANDST
ORD_00612,CUST_7094,10920.92,INR,SUCCESS,NET_BANKING,2024-03-14 00:00:00,RPZ_F3F6AB6S
ORD_00891,CUST_7176,42360.31,INR,SUCCESS,NET_BANKING,2024-03-06 00:00:00,RPZ_Z6A4SKWN
ORD_00034,CUST_8876,24677.21,INR,SUCCESS,UPI,2024-01-03 00:00:00,RPZ_3WDNIN9G
ORD_00084,CUST_5717,26878.95,INR,SUCCESS,NET_BANKING,2024-02-08 00:00:00,RPZ_X0P27THX
ORD_00523,CUST_3830,16218.97,INR,SUCCESS,WALLET,2024-03-22 00:00:00,RPZ_G0I5B3A6
ORD_00813,CUST_5698,17667.1,INR,FAILED,CREDIT_CARD,2024-01-22 00:00:00,RPZ_RO2HSK7L
ORD_00262,CUST_7861,1037.31,INR,SUCCESS,DEBIT_CARD,2024-03-01 00:00:24,RPZ_GHNQHOMU
ORD_00113,CUST_5884,49927.98,INR,FAILED,UPI,2024-02-24 00:00:00,RPZ_BH4EA8EU
ORD_00365,CUST_3769,18520.53,INR,FAILED,WALLET,2024-01-20 00:00:00,RPZ_7JKW2IU2
ORD_00012,CUST_5985,14583.58,INR,SUCCESS,WALLET,2024-01-22 00:00:00,RPZ_MFHBJ4TH
ORD_00063,CUST_2083,22464.51,INR,SUCCESS,UPI,2024-03-26 00:00:00,RPZ_H9T413U4
ORD_00428,CUST_4729,16523.5,INR,SUCCESS,CREDIT_CARD,2024-03-07 00:00:00,RPZ_SSFJ5BW2
ORD_00029,CUST_5176,40454.7,INR,SUCCESS,WALLET,2024-02-20 00:00:00,RPZ_VZS0U425
ORD_00656,CUST_5318,10619.58,INR,SUCCESS,CREDIT_CARD,2024-01-28 00:00:00,RPZ_82RV45IO
ORD_00150,CUST_8897,48361.46,INR,SUCCESS,DEBIT_CARD,2024-02-28 00:00:00,RPZ_ETIIAR7J
ORD_00822,CUST_8130,27990.03,INR,REFUNDED,CREDIT_CARD,2024-01-13 00:00:00,RPZ_2NIDHNMA
ORD_00752,CUST_9658,2581.62,INR,FAILED,UPI,2024-01-14 00:00:00,RPZ_H9D1SU6X
ORD_00616,CUST_3508,36229.8,INR,SUCCESS,CREDIT_CARD,2024-03-04 00:00:00,RPZ_UEUFLLQZ
ORD_00524,CUST_1188,6791.7,INR,SUCCESS,UPI,2024-01-21 00:00:00,RPZ_BH4BAULH
ORD_00187,CUST_9222,24834.08,INR,SUCCESS,WALLET,2024-02-06 00:00:00,RPZ_01H2WJ7N
ORD_00494,CUST_7585,14666.89,INR,FAILED,CREDIT_CARD,2024-03-30 00:00:00,RPZ_GKW4BNLS
ORD_00405,CUST_8495,45693.73,INR,REFUNDED,DEBIT_CARD,2024-01-03 00:00:00,RPZ_PII3HMJA
ORD_00741,CUST_2097,23889.07,INR,FAILED,UPI,2024-01-11 00:00:00,RPZ_ZGUFJFHC
ORD_00548,CUST_6211,43135.58,INR,FAILED,UPI,2024-02-26 00:00:00,RPZ_FWFXTD8Z
ORD_00456,CUST_8234,13489.23,INR,SUCCESS,CREDIT_CARD,2024-02-14 00:00:00,RPZ_QFAFKV4I
ORD_00178,CUST_1902,11031.28,INR,SUCCESS,DEBIT_CARD,2024-03-22 00:00:00,RPZ_VMJQ62EP
ORD_00659,CUST_9490,30278.64,INR,REFUNDED,UPI,2024-01-01 00:00:00,RPZ_Q2G3K2WB
ORD_00630,CUST_5144,29097.2,INR,SUCCESS,DEBIT_CARD,2024-02-10 00:00:00,RPZ_BJS5VVYN
ORD_00104,CUST_4680,704.82,INR,SUCCESS,NET_BANKING,2024-01-14 00:00:00,RPZ_J8D3L8N9
ORD_00765,CUST_9713,36086.47,INR,FAILED,NET_BANKING,2024-03-24 00:00:00,RPZ_HIRMYD0T
ORD_00369,CUST_1309,2156.88,INR,SUCCESS,NET_BANKING,2024-02-22 00:00:00,RPZ_VKKD1A20
ORD_00176,CUST_2887,27297.29,INR,SUCCESS,WALLET,2024-01-20 00:00:00,RPZ_2IXDFMK2
ORD_00115,CUST_7509,6034.09,INR,SUCCESS,UPI,2024-02-15 00:00:00,RPZ_JBHW0XJA
ORD_00132,CUST_9902,14133.72,INR,REFUNDED,WALLET,2024-01-19 00:00:00,RPZ_T7GDVMO5
ORD_00624,CUST_4570,47343.54,INR,SUCCESS,WALLET,2024-01-10 00:00:00,RPZ_IAKTLN2K
ORD_00401,CUST_5832,40667.72,INR,SUCCESS,WALLET,2024-01-30 00:00:00,RPZ_0PBFPUGK
ORD_00078,CUST_6733,43263.93,INR,SUCCESS,WALLET,2024-03-26 00:00:00,RPZ_DQ0BRCYX
ORD_00411,CUST_8070,11564.22,INR,FAILED,DEBIT_CARD,2024-01-17 00:00:00,RPZ_1WQGJC6E
ORD_00239,CUST_4468,48261.27,INR,FAILED,UPI,2024-01-27 00:00:00,RPZ_CQADRXLI
ORD_00201,CUST_4293,48951.73,INR,SUCCESS,DEBIT_CARD,2024-01-25 00:00:00,RPZ_GNNB7E8H
ORD_00399,CUST_3175,10918.85,INR,REFUNDED,CREDIT_CARD,2024-02-10 00:00:00,RPZ_SI7QB029
ORD_00898,CUST_9471,25102.96,INR,SUCCESS,UPI,2024-03-05 00:00:00,RPZ_LXPM4Y1K
ORD_00314,CUST_4265,13251.54,INR,SUCCESS,CREDIT_CARD,2024-01-06 00:00:00,RPZ_OP3O10I5
ORD_00611,CUST_6470,46318.74,INR,SUCCESS,UPI,2024-01-21 00:00:00,RPZ_8UJVYJY9
ORD_00535,CUST_1208,5793.17,INR,SUCCESS,CREDIT_CARD,2024-03-27 00:00:00,RPZ_L6T8INMA
ORD_00608,CUST_8851,23292.1,INR,FAILED,WALLET,2024-01-12 00:00:00,RPZ_GVTGL0PH
ORD_00161,CUST_4937,13229.59,INR,FAILED,UPI,2024-03-09 00:00:00,RPZ_8UU8FFNS
ORD_00910,CUST_9369,34743.27,INR,FAILED,CREDIT_CARD,2024-02-23 00:00:00,RPZ_C60WIHSI
ORD_00324,CUST_8393,35271.77,INR,SUCCESS,WALLET,2024-02-19 00:00:00,RPZ_QO5LX6JL
ORD_00485,CUST_8884,28990.42,INR,SUCCESS,NET_BANKING,2024-03-02 00:00:00,RPZ_M6UWEHSE
ORD_00865,CUST_1487,395.16,INR,SUCCESS,UPI,2024-02-17 00:00:00,RPZ_7GX131AK
ORD_00853,CUST_8302,48623.08,INR,SUCCESS,NET_BANKING,2024-02-25 00:00:00,RPZ_IO53AJXD
ORD_00786,CUST_2899,38265.97,INR,REFUNDED,DEBIT_CARD,2024-01-14 00:00:00,RPZ_SFBLXVKH
ORD_00534,CUST_6019,8345.67,INR,SUCCESS,WALLET,2024-02-19 00:00:00,RPZ_MFNU9L4E
ORD_00310,CUST_5969,38671.32,INR,FAILED,DEBIT_CARD,2024-01-05 00:00:00,RPZ_7UUA4KSW
ORD_00999,CUST_3582,15518.59,INR,REFUNDED,WALLET,2024-03-25 00:00:00,RPZ_EFU7W8G2
ORD_00583,CUST_2668,46084.38,INR,FAILED,WALLET,2024-03-21 00:00:00,RPZ_P3R9BQBF
ORD_00173,CUST_1229,18984.55,INR,SUCCESS,NET_BANKING,2024-01-06 00:00:00,RPZ_PGNZHTX3
ORD_00265,CUST_5539,13205.01,INR,FAILED,WALLET,2024-02-19 00:00:00,RPZ_AVZ2PBTP
ORD_00219,CUST_4066,28109.12,INR,FAILED,DEBIT_CARD,2024-02-17 00:00:00,RPZ_4SN3TI4A
ORD_00579,CUST_2633,25276.8,INR,FAILED,UPI,2024-01-29 00:00:00,RPZ_80RT5P2D
ORD_00986,CUST_7548,47272.01,INR,FAILED,DEBIT_CARD,2024-01-26 00:00:00,RPZ_4VD4CF4X
ORD_00582,CUST_6181,36907.06,INR,SUCCESS,DEBIT_CARD,2024-02-10 00:00:00,RPZ_HIPZMW59
ORD_00338,CUST_6360,9446.01,INR,SUCCESS,WALLET,2024-01-07 00:00:00,RPZ_5ZJYRSJ6
ORD_00331,CUST_5660,35940.49,INR,FAILED,WALLET,2024-03-18 00:00:00,RPZ_URNVRM4P
ORD_00812,CUST_4927,49940.59,INR,FAILED,UPI,2024-03-29 00:00:00,RPZ_UMORSFNT
ORD_00218,CUST_4416,20505.45,INR,FAILED,UPI,2024-01-05 00:00:00,RPZ_TDACXGNO
ORD_00879,CUST_5983,48762.92,INR,SUCCESS,DEBIT_CARD,2024-02-09 00:00:00,RPZ_7YIZ6M70
ORD_00740,CUST_5911,2887.06,INR,SUCCESS,CREDIT_CARD,2024-03-14 00:00:00,RPZ_ZW8GCZSK
ORD_00438,CUST_4793,11517.0,INR,SUCCESS,DEBIT_CARD,2024-02-25 00:00:00,RPZ_805U87WI
ORD_00886,CUST_3405,48165.68,INR,SUCCESS,UPI,2024-02-25 00:00:00,RPZ_BSZ5X77M
ORD_00847,CUST_5502,9943.5,INR,SUCCESS,UPI,2024-02-17 00:00:00,RPZ_B9FI2WT5
ORD_00817,CUST_7178,34226.94,INR,REFUNDED,NET_BANKING,2024-02-19 00:00:00,RPZ_T5RMR6TV
ORD_00772,CUST_1031,29234.14,INR,SUCCESS,UPI,2024-03-27 00:00:00,RPZ_HNHOWYFC
ORD_00475,CUST_3601,24599.02,INR,SUCCESS,UPI,2024-03-06 00:00:00,RPZ_EVNNH6KW
ORD_00441,CUST_3965,36917.78,INR,REFUNDED,DEBIT_CARD,2024-03-08 00:00:00,RPZ_2J68FBW2
ORD_00481,CUST_5717,6844.87,INR,SUCCESS,UPI,2024-01-25 00:00:00,RPZ_A7ED7BSS
ORD_00693,CUST_8366,47990.96,INR,REFUNDED,NET_BANKING,2024-01-28 00:00:00,RPZ_7FSU1WUQ
ORD_00244,CUST_8559,33237.53,INR,FAILED,CREDIT_CARD,2024-03-16 00:00:00,RPZ_J7EROS5P
ORD_00696,CUST_6445,37059.92,INR,SUCCESS,WALLET,2024-01-04 00:00:00,RPZ_BGHV72ND
ORD_00142,CUST_4119,9234.6,INR,SUCCESS,CREDIT_CARD,2024-03-01 00:00:00,RPZ_CHKHUISU
ORD_00499,CUST_2026,42779.02,INR,SUCCESS,UPI,2024-03-28 00:00:00,RPZ_MGU6SYEU
ORD_00700,CUST_3768,6056.83,INR,FAILED,NET_BANKING,2024-03-06 00:00:00,RPZ_PQXAO5OY
ORD_00145,CUST_6604,15499.98,INR,REFUNDED,DEBIT_CARD,2024-01-04 00:00:00,RPZ_HKM60KZT
ORD_00563,CUST_5970,31750.81,INR,SUCCESS,DEBIT_CARD,2024-02-15 00:00:00,RPZ_67WKA4UI
ORD_00556,CUST_3910,13619.13,INR,REFUNDED,UPI,2024-03-26 00:00:00,RPZ_MUPZ925H
ORD_00418,CUST_9064,8525.25,INR,SUCCESS,WALLET,2024-03-05 00:00:10,RPZ_2AWY73NG
ORD_00220,CUST_1054,43030.05,INR,SUCCESS,WALLET,2024-02-27 00:00:00,RPZ_JWDI53NU
ORD_00413,CUST_6718,37009.0,INR,SUCCESS,CREDIT_CARD,2024-02-28 00:00:00,RPZ_QDPLKOV7
ORD_00189,CUST_1734,6570.73,INR,SUCCESS,DEBIT_CARD,2024-01-16 00:00:00,RPZ_USNY1TPI
ORD_00777,CUST_8188,28489.78,INR,SUCCESS,NET_BANKING,2024-02-25 00:00:35,RPZ_V115AIQS
ORD_00231,CUST_2485,17436.32,INR,SUCCESS,NET_BANKING,2024-03-29 00:00:00,RPZ_NJOOSGJH
ORD_00543,CUST_6802,41361.25,INR,REFUNDED,NET_BANKING,2024-03-11 00:00:00,RPZ_DVB9ZRPA
ORD_00111,CUST_1689,1611.11,INR,SUCCESS,CREDIT_CARD,2024-01-23 00:00:00,RPZ_HMXNDSG5
ORD_00683,CUST_2444,40862.2,INR,REFUNDED,NET_BANKING,2024-02-28 00:00:00,RPZ_7A7Y47DG
ORD_00757,CUST_5687,23395.87,INR,SUCCESS,UPI,2024-03-21 00:00:00,RPZ_84S3BKEU
ORD_00730,CUST_8320,9690.34,INR,FAILED,NET_BANKING,2024-03-03 00:00:00,RPZ_GL8SODZF
ORD_00516,CUST_7880,47879.34,INR,REFUNDED,CREDIT_CARD,2024-01-16 00:00:00,RPZ_IGQY4Z5D
ORD_00573,CUST_7535,40144.8,INR,REFUNDED,CREDIT_CARD,2024-02-02 00:00:00,RPZ_X4ZFDCB3
ORD_00320,CUST_5918,14862.57,INR,SUCCESS,NET_BANKING,2024-01-30 00:00:00,RPZ_FT2ZAGAC
ORD_00274,CUST_3042,14039.39,INR,SUCCESS,DEBIT_CARD,2024-03-24 00:00:00,RPZ_ELXUAX2A
ORD_00156,CUST_2822,43920.11,INR,SUCCESS,WALLET,2024-03-09 00:00:00,RPZ_VNNQD5TT
ORD_00844,CUST_5615,18012.27,INR,SUCCESS,NET_BANKING,2024-02-25 00:00:00,RPZ_S1NOT6P0
ORD_00638,CUST_1223,21714.88,INR,SUCCESS,UPI,2024-03-23 00:00:00,RPZ_03X53ZYA
ORD_00071,CUST_5419,22701.21,INR,REFUNDED,DEBIT_CARD,2024-01-31 00:00:00,RPZ_E22BXBEM
ORD_00781,CUST_7014,44383.72,INR,FAILED,NET_BANKING,2024-02-06 00:00:00,RPZ_C5LI5HFX
ORD_00390,CUST_1140,21854.68,INR,SUCCESS,NET_BANKING,2024-03-09 00:00:00,RPZ_DDVUJQVN
ORD_00743,CUST_3482,11028.1,INR,REFUNDED,DEBIT_CARD,2024-01-16 00:00:00,RPZ_XF9CV266
ORD_00069,CUST_4303,27032.6,INR,SUCCESS,CREDIT_CARD,2024-02-02 00:00:00,RPZ_8Z5VRCS8
ORD_00513,CUST_4770,46520.17,INR,SUCCESS,WALLET,2024-01-02 00:00:15,RPZ_TKDMU1N3
ORD_00610,CUST_6714,10737.61,INR,REFUNDED,NET_BANKING,2024-01-19 00:00:00,RPZ_KWE7XCA9
ORD_00024,CUST_2223,48166.16,INR,FAILED,DEBIT_CARD,2024-02-09 00:00:00,RPZ_2RO35DS8
ORD_00695,CUST_8794,14583.06,INR,SUCCESS,CREDIT_CARD,2024-02-11 00:00:00,RPZ_DVVCBKKP
ORD_00121,CUST_4180,46677.39,INR,REFUNDED,DEBIT_CARD,2024-01-04 00:00:00,RPZ_WIVBXXDI
ORD_00729,CUST_4917,45567.06,INR,FAILED,UPI,2024-02-17 00:00:00,RPZ_95OQYGKN
ORD_00536,CUST_9183,4561.3,INR,FAILED,CREDIT_CARD,2024-03-20 00:00:00,RPZ_6EM400R3
ORD_00025,CUST_9359,5057.48,INR,FAILED,UPI,2024-01-07 00:00:00,RPZ_HBMIYNL6
ORD_00144,CUST_5554,9337.26,INR,FAILED,WALLET,2024-01-14 00:00:00,RPZ_SR5RUBPA
ORD_00183,CUST_3737,1468.18,INR,SUCCESS,NET_BANKING,2024-03-19 00:00:00,RPZ_NB2Q5W47
ORD_00241,CUST_2860,26451.52,INR,REFUNDED,NET_BANKING,2024-03-22 00:00:00,RPZ_VRHJHR0S
ORD_00423,CUST_3964,4187.21,INR,SUCCESS,UPI,2024-01-06 00:00:00,RPZ_3RTGXQK3
ORD_00799,CUST_6359,27832.95,INR,REFUNDED,DEBIT_CARD,2024-01-06 00:00:00,RPZ_IFMESLB7
ORD_00015,CUST_1239,1665.35,INR,FAILED,UPI,2024-03-22 00:00:00,RPZ_DK7RZ1OP
ORD_00878,CUST_3821,19387.91,INR,SUCCESS,UPI,2024-01-27 00:00:00,RPZ_TDMNNNZ3
ORD_00970,CUST_3861,20597.81,INR,SUCCESS,WALLET,2024-02-11 00:00:00,RPZ_FHD528SC
ORD_00463,CUST_3995,1449.25,INR,SUCCESS,UPI,2024-03-02 00:00:00,RPZ_XGFZSANR
ORD_00643,CUST_1755,42509.79,INR,SUCCESS,CREDIT_CARD,2024-02-22 00:00:00,RPZ_7786B3C5
ORD_00819,CUST_4701,22943.92,INR,SUCCESS,UPI,2024-01-05 00:00:00,RPZ_5HJQNDV9
ORD_00868,CUST_4824,44527.34,INR,SUCCESS,UPI,2024-02-22 00:00:00,RPZ_VZRN23KK
ORD_00679,CUST_9840,36144.76,INR,SUCCESS,CREDIT_CARD,2024-01-06 00:00:00,RPZ_D1HN8JLB
ORD_00248,CUST_6623,19117.15,INR,SUCCESS,WALLET,2024-01-10 00:00:00,RPZ_U79SM112
ORD_00719,CUST_5488,21603.73,INR,FAILED,DEBIT_CARD,2024-02-29 00:00:00,RPZ_S35S9UIZ
ORD_00234,CUST_5360,23431.38,INR,REFUNDED,WALLET,2024-02-18 00:00:00,RPZ_8PA67UYD
ORD_00519,CUST_2823,41706.59,INR,SUCCESS,NET_BANKING,2024-01-05 00:00:00,RPZ_I2X7BBN6
ORD_00706,CUST_6890,11004.46,INR,FAILED,CREDIT_CARD,2024-02-11 00:00:00,RPZ_QRAK0QPP
ORD_00343,CUST_6421,30261.14,INR,SUCCESS,UPI,2024-01-09 00:00:00,RPZ_MHG1SD5Q
ORD_00836,CUST_5754,35530.57,INR,SUCCESS,CREDIT_CARD,2024-01-02 00:00:00,RPZ_H5VMWQNI
ORD_00920,CUST_3790,17974.12,INR,REFUNDED,CREDIT_CARD,2024-01-30 00:00:00,RPZ_R5IK0SZ1
ORD_00335,CUST_7191,35042.33,INR,FAILED,NET_BANKING,2024-02-12 00:00:00,RPZ_09C1VMMJ
ORD_00010,CUST_9126,19992.31,INR,SUCCESS,WALLET,2024-03-04 00:00:00,RPZ_Y4ICPFP0
ORD_00667,CUST_4063,8845.07,INR,SUCCESS,WALLET,2024-01-26 00:00:00,RPZ_4K7J5D55
ORD_00472,CUST_2610,21335.79,INR,FAILED,DEBIT_CARD,2024-03-23 00:00:00,RPZ_HVSZ8AON
ORD_00027,CUST_5178,33044.99,INR,SUCCESS,DEBIT_CARD,2024-02-08 00:00:00,RPZ_A6T63RAV
ORD_00038,CUST_2165,24966.89,INR,SUCCESS,WALLET,2024-02-28 00:00:00,RPZ_EJERQQFB
ORD_00907,CUST_9930,44305.88,INR,SUCCESS,NET_BANKING,2024-03-14 00:00:35,RPZ_IU6S3O9K
ORD_00188,CUST_1258,18185.71,INR,FAILED,CREDIT_CARD,2024-01-01 00:00:00,RPZ_U6RQEO0X
ORD_00434,CUST_5467,25114.81,INR,SUCCESS,WALLET,2024-01-28 00:00:00,RPZ_AETYG309
ORD_00507,CUST_8704,9103.64,INR,SUCCESS,NET_BANKING,2024-03-26 00:00:00,RPZ_BNTO9BR5
ORD_00572,CUST_4738,10473.92,INR,REFUNDED,DEBIT_CARD,2024-02-26 00:00:00,RPZ_W1J527L2
ORD_00724,CUST_4981,37594.75,INR,SUCCESS,UPI,2024-02-18 00:00:00,RPZ_DRA2I7LR
ORD_00502,CUST_3866,18364.43,INR,FAILED,CREDIT_CARD,2024-01-19 00:00:00,RPZ_GVJP4TU7
ORD_00418,CUST_9064,8525.25,INR,SUCCESS,WALLET,2024-03-05 00:00:00,RPZ_2AWY73NG
ORD_00107,CUST_5533,45580.72,INR,SUCCESS,UPI,2024-01-16 00:00:00,RPZ_X2PZY6C4
ORD_00792,CUST_5451,24112.7,INR,SUCCESS,NET_BANKING,2024-02-13 00:00:00,RPZ_0O7NF1RY
ORD_00211,CUST_8616,30648.17,INR,REFUNDED,NET_BANKING,2024-03-26 00:00:00,RPZ_KWQJ9DTE
ORD_00159,CUST_7439,26100.87,INR,REFUNDED,UPI,2024-02-22 00:00:00,RPZ_GXR6648B
ORD_00702,CUST_8799,18928.11,INR,SUCCESS,CREDIT_CARD,2024-03-31 00:00:00,RPZ_PK8CM28V
ORD_00553,CUST_2233,34662.91,INR,FAILED,DEBIT_CARD,2024-03-22 00:00:00,RPZ_WTGW33A0
ORD_00371,CUST_4241,8203.22,INR,FAILED,UPI,2024-01-01 00:00:00,RPZ_YLYEP09Y
ORD_00668,CUST_2417,28786.49,INR,SUCCESS,WALLET,2024-03-25 00:00:00,RPZ_UU9U9P3Q
ORD_00404,CUST_3947,42536.52,INR,FAILED,WALLET,2024-01-22 00:00:00,RPZ_2FJW52GC
ORD_00686,CUST_3530,10351.77,INR,FAILED,DEBIT_CARD,2024-02-11 00:00:00,RPZ_HBJPTG6Z
ORD_00935,CUST_7406,46889.17,INR,FAILED,DEBIT_CARD,2024-03-27 00:00:00,RPZ_FSBOV2HX
ORD_00762,CUST_3869,35893.32,INR,SUCCESS,DEBIT_CARD,2024-01-25 00:00:00,RPZ_J2EBYYWA
ORD_00820,CUST_3156,47390.13,INR,SUCCESS,NET_BANKING,2024-02-19 00:00:00,RPZ_FZPNYOHY
ORD_00541,CUST_1190,41256.68,INR,REFUNDED,NET_BANKING,2024-01-19 00:00:00,RPZ_LN79JZAT
ORD_00273,CUST_6297,8815.84,INR,SUCCESS,WALLET,2024-02-14 00:00:00,RPZ_5TTQSS35
ORD_00907,CUST_9930,44305.88,INR,SUCCESS,NET_BANKING,2024-03-14 00:00:00,RPZ_IU6S3O9K
ORD_00580,CUST_5950,44078.11,INR,SUCCESS,WALLET,2024-02-12 00:00:00,RPZ_2A6MSJOP
ORD_00926,CUST_9459,16911.14,INR,SUCCESS,CREDIT_CARD,2024-03-14 00:00:00,RPZ_1YKNO87O
ORD_00303,CUST_9308,22193.12,INR,FAILED,WALLET,2024-02-12 00:00:00,RPZ_N5V16D67
ORD_00655,CUST_5954,27785.28,INR,SUCCESS,NET_BANKING,2024-03-04 00:00:00,RPZ_SGMBFZ1F
ORD_00083,CUST_5036,1986.36,INR,SUCCESS,UPI,2024-03-18 00:00:05,RPZ_HR1HHR43
ORD_00877,CUST_1671,42279.03,INR,SUCCESS,NET_BANKING,2024-03-02 00:00:00,RPZ_F1ZKF5TJ
ORD_00984,CUST_8643,17635.07,INR,SUCCESS,UPI,2024-02-25 00:00:00,RPZ_NRMH54NI
ORD_00874,CUST_4206,31131.94,INR,REFUNDED,CREDIT_CARD,2024-02-25 00:00:00,RPZ_W5N5EEDH
ORD_00602,CUST_4248,25971.76,INR,SUCCESS,CREDIT_CARD,2024-01-28 00:00:00,RPZ_3LXBOWY2
ORD_00968,CUST_5676,12009.34,INR,SUCCESS,WALLET,2024-02-11 00:00:00,RPZ_XBXEZ57L
ORD_00460,CUST_3988,30906.97,INR,SUCCESS,UPI,2024-03-06 00:00:00,RPZ_Y5LUK4DL
ORD_00733,CUST_6124,49171.96,INR,SUCCESS,UPI,2024-03-10 00:00:00,RPZ_ETA62UFZ
ORD_00841,CUST_9285,27419.47,INR,SUCCESS,CREDIT_CARD,2024-02-12 00:00:00,RPZ_XF5I6GZO
ORD_00806,CUST_4314,3427.26,INR,SUCCESS,CREDIT_CARD,2024-01-10 00:00:00,RPZ_C9JIW10C
ORD_00811,CUST_1367,8969.25,INR,FAILED,CREDIT_CARD,2024-03-05 00:00:00,RPZ_T46S39GR
ORD_00802,CUST_3813,20585.26,INR,SUCCESS,DEBIT_CARD,2024-03-17 00:00:00,RPZ_XXYZOPWT
ORD_00243,CUST_3320,27579.2,INR,FAILED,UPI,2024-03-08 00:00:00,RPZ_0N8AUQKF
ORD_00127,CUST_5849,4613.47,INR,REFUNDED,WALLET,2024-03-24 00:00:00,RPZ_RJDOUTYA
ORD_00849,CUST_6130,43817.63,INR,SUCCESS,NET_BANKING,2024-03-23 00:00:00,RPZ_KPA0XDWA
ORD_00526,CUST_6531,41066.32,INR,SUCCESS,UPI,2024-01-03 00:00:00,RPZ_WIB8MDWU
ORD_00002,CUST_3865,38696.71,INR,SUCCESS,NET_BANKING,2024-02-15 00:00:00,RPZ_SPHERWWZ
ORD_00782,CUST_2544,44066.4,INR,SUCCESS,NET_BANKING,2024-01-12 00:00:00,RPZ_RDTPK2D3
ORD_00339,CUST_7365,5435.4,INR,SUCCESS,DEBIT_CARD,2024-02-01 00:00:00,RPZ_WJB2MHPS
ORD_00932,CUST_3220,39114.46,INR,SUCCESS,CREDIT_CARD,2024-02-22 00:00:00,RPZ_LV6UOYFK
ORD_00293,CUST_1367,12508.68,INR,SUCCESS,CREDIT_CARD,2024-02-19 00:00:00,RPZ_KBU8Q5YG
ORD_00214,CUST_6589,28963.35,INR,SUCCESS,UPI,2024-03-30 00:00:00,RPZ_9XDXNWRU
ORD_00269,CUST_7835,534.66,INR,SUCCESS,WALLET,2024-03-14 00:00:00,RPZ_02IO1BXX
ORD_00869,CUST_2343,46467.47,INR,SUCCESS,WALLET,2024-03-22 00:00:00,RPZ_1VXVYILT
ORD_00179,CUST_1783,1628.34,INR,REFUNDED,CREDIT_CARD,2024-01-11 00:00:00,RPZ_UEZ5IWEV
ORD_00908,CUST_4395,49880.64,INR,FAILED,WALLET,2024-03-26 00:00:00,RPZ_HXU464IT
ORD_00736,CUST_5730,29687.44,INR,REFUNDED,CREDIT_CARD,2024-02-13 00:00:00,RPZ_A7JTADZ4
ORD_00899,CUST_2152,40179.7,INR,FAILED,CREDIT_CARD,2024-03-29 00:00:00,RPZ_FICSFRRH
ORD_00341,CUST_2900,33388.7,INR,SUCCESS,CREDIT_CARD,2024-02-10 00:00:00,RPZ_QUL4NZGP
ORD_00450,CUST_2623,33306.92,INR,SUCCESS,WALLET,2024-02-06 00:00:00,RPZ_TFTQKMEZ
ORD_00268,CUST_8427,45683.87,INR,SUCCESS,CREDIT_CARD,2024-03-12 00:00:00,RPZ_DCVZV1V9
ORD_00090,CUST_7873,39592.96,INR,SUCCESS,UPI,2024-03-31 00:00:00,RPZ_QOY70DBM
ORD_00840,CUST_6347,18119.98,INR,SUCCESS,UPI,2024-01-27 00:00:00,RPZ_36OUCSS9
ORD_00669,CUST_7557,17141.59,INR,SUCCESS,CREDIT_CARD,2024-01-29 00:00:00,RPZ_43Y9ZGWC
ORD_00578,CUST_2796,653.95,INR,FAILED,WALLET,2024-03-20 00:00:00,RPZ_Q4WPM4M4
ORD_00816,CUST_4975,48537.58,INR,SUCCESS,CREDIT_CARD,2024-01-06 00:00:00,RPZ_K451WB1C
ORD_00978,CUST_2342,48295.7,INR,SUCCESS,UPI,2024-02-24 00:00:00,RPZ_CL99MIZN
ORD_00511,CUST_7067,46043.59,INR,SUCCESS,CREDIT_CARD,2024-01-14 00:00:00,RPZ_GO8BCARR
ORD_00079,CUST_8466,38823.6,INR,SUCCESS,CREDIT_CARD,2024-01-22 00:00:00,RPZ_TR6GV5FR
ORD_00471,CUST_9582,6506.7,INR,SUCCESS,UPI,2024-03-19 00:00:00,RPZ_FEHEC6WF
ORD_00988,CUST_4183,46393.8,INR,SUCCESS,DEBIT_CARD,2024-02-13 00:00:00,RPZ_3EWCR6WJ
ORD_00065,CUST_4528,2126.1,INR,SUCCESS,UPI,2024-02-11 00:00:00,RPZ_6E3NHC7V
ORD_00570,CUST_2871,7287.34,INR,REFUNDED,UPI,2024-03-07 00:00:00,RPZ_CUI9ZASX
ORD_00152,CUST_5241,29563.87,INR,FAILED,NET_BANKING,2024-03-23 00:00:00,RPZ_UW7RZ5R5
ORD_00681,CUST_5144,41720.07,INR,SUCCESS,CREDIT_CARD,2024-03-26 00:00:00,RPZ_J4BV035J
ORD_00708,CUST_8982,36452.58,INR,SUCCESS,UPI,2024-03-03 00:00:00,RPZ_LPWB80KP
ORD_00641,CUST_2939,10436.81,INR,SUCCESS,DEBIT_CARD,2024-03-03 00:00:00,RPZ_2N1Q0VQW
ORD_00716,CUST_8279,27658.64,INR,SUCCESS,WALLET,2024-01-09 00:00:00,RPZ_AD5NE73Q
ORD_00703,CUST_1309,18862.22,INR,SUCCESS,UPI,2024-01-01 00:00:00,RPZ_S44HAI3J
ORD_00522,CUST_3391,14034.62,INR,FAILED,UPI,2024-01-14 00:00:00,RPZ_VVO1JBD0
ORD_00675,CUST_7241,46680.17,INR,FAILED,WALLET,2024-02-06 00:00:00,RPZ_JDA3H1MF
ORD_00564,CUST_8191,34915.59,INR,SUCCESS,UPI,2024-01-17 00:00:00,RPZ_D88VEASH
ORD_00960,CUST_5795,23204.04,INR,REFUNDED,CREDIT_CARD,2024-02-09 00:00:00,RPZ_JNL6OVOM
ORD_00447,CUST_1649,4493.44,INR,FAILED,DEBIT_CARD,2024-01-02 00:00:00,RPZ_DPCTNPBE
ORD_00240,CUST_4953,29720.38,INR,SUCCESS,WALLET,2024-01-31 00:00:00,RPZ_XMSSOJEU
ORD_00348,CUST_5899,45214.71,INR,SUCCESS,UPI,2024-01-21 00:00:00,RPZ_9OHI6E9N
ORD_00018,CUST_4310,31983.05,INR,SUCCESS,CREDIT_CARD,2024-01-03 00:00:00,RPZ_O1ZY2L0G
ORD_00311,CUST_7181,18244.03,INR,SUCCESS,DEBIT_CARD,2024-01-21 00:00:00,RPZ_FL18CB30
ORD_00380,CUST_3594,6038.3,INR,SUCCESS,DEBIT_CARD,2024-03-18 00:00:00,RPZ_XV1CGIO7
ORD_00353,CUST_4935,18496.23,INR,SUCCESS,NET_BANKING,2024-03-07 00:00:00,RPZ_HVYRHNCX
ORD_00363,CUST_9481,43248.26,INR,SUCCESS,WALLET,2024-01-12 00:00:00,RPZ_HC1BRZOK
ORD_00930,CUST_2864,45038.93,INR,SUCCESS,WALLET,2024-01-04 00:00:00,RPZ_16O94W5P
ORD_00488,CUST_1802,14831.25,INR,SUCCESS,CREDIT_CARD,2024-01-24 00:00:00,RPZ_JFHRK7RJ
ORD_00039,CUST_3148,46997.11,INR,SUCCESS,DEBIT_CARD,2024-03-28 00:00:00,RPZ_YGYB627F
ORD_00824,CUST_4894,44705.11,INR,SUCCESS,CREDIT_CARD,2024-01-18 00:00:00,RPZ_IB50BBT5
ORD_00289,CUST_8832,19627.43,INR,SUCCESS,WALLET,2024-01-16 00:00:00,RPZ_UXOAFNYR
ORD_00663,CUST_5126,19681.21,INR,REFUNDED,UPI,2024-02-02 00:00:00,RPZ_XC6MFVGD
ORD_00678,CUST_9762,4975.12,INR,REFUNDED,UPI,2024-02-04 00:00:00,RPZ_JU77ZKZZ
ORD_00489,CUST_9035,25548.63,INR,FAILED,CREDIT_CARD,2024-02-12 00:00:00,RPZ_PAXFELBE
ORD_00832,CUST_1047,47576.04,INR,SUCCESS,DEBIT_CARD,2024-03-02 00:00:00,RPZ_R70ZFNJ2
ORD_00129,CUST_2817,2638.85,INR,SUCCESS,CREDIT_CARD,2024-01-04 00:00:00,RPZ_5R5W9BLE
ORD_00625,CUST_9146,47949.61,INR,SUCCESS,CREDIT_CARD,2024-01-18 00:00:00,RPZ_L1LKQF8O
ORD_00712,CUST_6089,32708.28,INR,FAILED,UPI,2024-03-28 00:00:00,RPZ_0RESB10L
ORD_00437,CUST_2876,33081.49,INR,SUCCESS,UPI,2024-01-07 00:00:00,RPZ_H2V2MZMQ
ORD_00276,CUST_6214,9686.58,INR,FAILED,NET_BANKING,2024-02-28 00:00:00,RPZ_I3NEULQE
ORD_00497,CUST_8732,40474.67,INR,SUCCESS,NET_BANKING,2024-03-07 00:00:00,RPZ_C8EQSQLV
ORD_00858,CUST_2540,42849.37,INR,SUCCESS,NET_BANKING,2024-02-10 00:00:00,RPZ_U00QU5YF
ORD_00701,CUST_2003,17193.64,INR,SUCCESS,UPI,2024-03-19 00:00:00,RPZ_RQVIC7F4
ORD_00575,CUST_7293,23927.03,INR,SUCCESS,NET_BANKING,2024-01-24 00:00:00,RPZ_8DWDQQY4
ORD_00764,CUST_5293,2660.57,INR,SUCCESS,NET_BANKING,2024-03-02 00:00:00,RPZ_6CNQ2K7Z
ORD_00622,CUST_2375,32585.09,INR,SUCCESS,CREDIT_CARD,2024-01-17 00:00:00,RPZ_QMFFEF4C
ORD_00302,CUST_2775,15927.95,INR,FAILED,WALLET,2024-02-27 00:00:00,RPZ_4ESQ6IXD
ORD_00350,CUST_9804,43537.86,INR,SUCCESS,DEBIT_CARD,2024-03-05 00:00:00,RPZ_RASIUWR0
ORD_00525,CUST_1087,41982.83,INR,SUCCESS,DEBIT_CARD,2024-01-03 00:00:00,RPZ_25Z7JC1P
ORD_00168,CUST_8010,6405.49,INR,REFUNDED,WALLET,2024-03-19 00:00:00,RPZ_VWD0VY1I
ORD_00171,CUST_1003,43341.11,INR,SUCCESS,CREDIT_CARD,2024-03-30 00:00:00,RPZ_0O9U5GA3
ORD_00615,CUST_6245,49183.71,INR,REFUNDED,CREDIT_CARD,2024-01-10 00:00:00,RPZ_M0SJA4ZS
ORD_00531,CUST_3341,20709.32,INR,REFUNDED,UPI,2024-02-23 00:00:00,RPZ_ZH5X1U7Z
ORD_00738,CUST_2356,3657.85,INR,SUCCESS,UPI,2024-01-28 00:00:00,RPZ_SOIL83YN
ORD_00672,CUST_2203,25184.43,INR,FAILED,UPI,2024-01-27 00:00:00,RPZ_THTBS8CZ
ORD_00285,CUST_6975,14888.09,INR,SUCCESS,CREDIT_CARD,2024-03-02 00:00:00,RPZ_JOGTGBHJ
ORD_00141,CUST_3338,36022.92,INR,SUCCESS,NET_BANKING,2024-03-19 00:00:00,RPZ_OE9P02RY
ORD_00419,CUST_5515,41397.64,INR,REFUNDED,WALLET,2024-02-15 00:00:00,RPZ_U4AGARAM
ORD_00429,CUST_9344,3445.67,INR,SUCCESS,WALLET,2024-03-19 00:00:00,RPZ_E8IDTOWP
ORD_00006,CUST_6990,34155.88,INR,SUCCESS,DEBIT_CARD,2024-01-28 00:00:00,RPZ_MIA7LAHS
ORD_00909,CUST_5971,17954.49,INR,REFUNDED,NET_BANKING,2024-01-13 00:00:00,RPZ_JXGK4VOA
ORD_00203,CUST_5900,38305.67,INR,SUCCESS,NET_BANKING,2024-02-17 00:00:00,RPZ_3HGJR1ZU
ORD_00496,CUST_9047,44603.53,INR,SUCCESS,NET_BANKING,2024-01-08 00:00:00,RPZ_3CQ5KOS5
ORD_00473,CUST_3970,4002.37,INR,SUCCESS,WALLET,2024-01-06 00:00:00,RPZ_D7TCMPYI
ORD_00301,CUST_3049,18538.47,INR,SUCCESS,WALLET,2024-01-22 00:00:00,RPZ_4RLE2JRQ
ORD_00440,CUST_2879,16679.46,INR,SUCCESS,CREDIT_CARD,2024-01-10 00:00:00,RPZ_I15FUF9S
ORD_00281,CUST_3469,45112.02,INR,SUCCESS,WALLET,2024-03-26 00:00:00,RPZ_H8RIK01J
ORD_00105,CUST_1826,19287.86,INR,FAILED,WALLET,2024-02-16 00:00:00,RPZ_1DTEFHYN
ORD_00245,CUST_9063,32927.81,INR,SUCCESS,DEBIT_CARD,2024-01-31 00:00:00,RPZ_TFW4MWFO
ORD_00255,CUST_7176,27528.93,INR,SUCCESS,UPI,2024-03-07 00:00:00,RPZ_NE41P7EL
ORD_00364,CUST_9401,14602.94,INR,REFUNDED,WALLET,2024-02-26 00:00:00,RPZ_1FT2L29U
ORD_00410,CUST_9107,3222.04,INR,SUCCESS,WALLET,2024-03-28 00:00:00,RPZ_KM3T0H12
ORD_00510,CUST_7187,40067.3,INR,FAILED,NET_BANKING,2024-03-25 00:00:00,RPZ_ONYEP7E6
ORD_00236,CUST_4859,42400.94,INR,FAILED,WALLET,2024-02-06 00:00:00,RPZ_T028RST4
ORD_00138,CUST_8190,35540.54,INR,SUCCESS,DEBIT_CARD,2024-01-20 00:00:00,RPZ_KTKEXQK2
ORD_00329,CUST_6675,36619.48,INR,REFUNDED,DEBIT_CARD,2024-02-20 00:00:00,RPZ_OFO320C4
ORD_00093,CUST_9933,40967.96,INR,SUCCESS,WALLET,2024-02-06 00:00:00,RPZ_MVZNFYRV
ORD_00094,CUST_1585,12076.92,INR,SUCCESS,WALLET,2024-02-15 00:00:00,RPZ_TXNR7LO2
ORD_00647,CUST_4054,935.96,INR,SUCCESS,WALLET,2024-02-20 00:00:00,RPZ_QJC3CXPI
ORD_00238,CUST_2180,27192.55,INR,SUCCESS,WALLET,2024-03-22 00:00:00,RPZ_AH9ZD7MW
ORD_00022,CUST_5340,31299.25,INR,FAILED,WALLET,2024-03-11 00:00:00,RPZ_E7M3TXZ4
ORD_00137,CUST_7873,11959.77,INR,SUCCESS,CREDIT_CARD,2024-02-02 00:00:00,RPZ_OHYH66AU
ORD_00942,CUST_2812,18935.87,INR,SUCCESS,NET_BANKING,2024-03-19 00:00:00,RPZ_34O1FB70
ORD_00087,CUST_6704,45113.36,INR,SUCCESS,NET_BANKING,2024-03-29 00:00:00,RPZ_H42KNH3H
ORD_00147,CUST_2959,38165.54,INR,REFUNDED,UPI,2024-01-26 00:00:00,RPZ_5QJM9YVB
ORD_00677,CUST_1609,616.61,INR,SUCCESS,UPI,2024-03-21 00:00:00,RPZ_ZMUUK6JC
ORD_00122,CUST_4297,31658.21,INR,SUCCESS,DEBIT_CARD,2024-01-20 00:00:00,RPZ_QV8J48U9
ORD_00894,CUST_7279,8106.95,INR,FAILED,NET_BANKING,2024-01-04 00:00:00,RPZ_9SOILQCY
ORD_00253,CUST_4803,31379.6,INR,SUCCESS,DEBIT_CARD,2024-03-07 00:00:00,RPZ_0YP5A4M0
ORD_00718,CUST_2465,45920.28,INR,FAILED,UPI,2024-01-13 00:00:00,RPZ_OTCYKYJZ
ORD_00924,CUST_6980,15167.03,INR,FAILED,DEBIT_CARD,2024-03-28 00:00:00,RPZ_60LTH0FE
ORD_00361,CUST_7052,40429.75,INR,FAILED,DEBIT_CARD,2024-02-13 00:00:00,RPZ_EMJ26XQ6
ORD_00990,CUST_3183,43469.92,INR,SUCCESS,DEBIT_CARD,2024-01-10 00:00:00,RPZ_ADEAFDAW
ORD_00259,CUST_4558,49431.81,INR,SUCCESS,CREDIT_CARD,2024-02-23 00:00:00,RPZ_NZY53QSQ
ORD_00140,CUST_1118,30486.95,INR,REFUNDED,WALLET,2024-03-17 00:00:00,RPZ_7Z4SK7ZD
ORD_00950,CUST_8000,2188.39,INR,SUCCESS,CREDIT_CARD,2024-03-02 00:00:00,RPZ_I3C3PULE
ORD_00286,CUST_3201,12284.16,INR,SUCCESS,DEBIT_CARD,2024-03-24 00:00:00,RPZ_MA7XJCIH
ORD_00319,CUST_8081,45981.89,INR,REFUNDED,UPI,2024-02-25 00:00:00,RPZ_O5CQ1L1O
ORD_00190,CUST_7560,17031.91,INR,SUCCESS,DEBIT_CARD,2024-03-20 00:00:00,RPZ_QS976S36
ORD_00231,CUST_2485,17436.32,INR,SUCCESS,NET_BANKING,2024-03-29 00:00:13,RPZ_NJOOSGJH
ORD_00165,CUST_4815,619.18,INR,SUCCESS,UPI,2024-01-27 00:00:00,RPZ_3F2F7M2I
ORD_00939,CUST_6451,20885.19,INR,SUCCESS,NET_BANKING,2024-02-29 00:00:00,RPZ_UZJTAD5G
ORD_00717,CUST_4469,20465.25,INR,SUCCESS,DEBIT_CARD,2024-03-14 00:00:00,RPZ_2I7ETVST
ORD_00517,CUST_9157,40353.56,INR,SUCCESS,NET_BANKING,2024-01-17 00:00:00,RPZ_OA5U6E0H
ORD_00919,CUST_2114,23076.44,INR,SUCCESS,CREDIT_CARD,2024-02-26 00:00:00,RPZ_M5DG2WRW
ORD_00342,CUST_8023,34687.9,INR,SUCCESS,UPI,2024-03-01 00:00:00,RPZ_46SPH9T1
ORD_00789,CUST_7010,463.66,INR,REFUNDED,UPI,2024-03-01 00:00:00,RPZ_0ZBR7X07
ORD_00340,CUST_4840,30712.74,INR,SUCCESS,WALLET,2024-01-14 00:00:00,RPZ_M4GADT41
ORD_00599,CUST_5016,40177.46,INR,SUCCESS,DEBIT_CARD,2024-01-18 00:00:00,RPZ_T63SOS8D
ORD_00776,CUST_7514,26439.83,INR,SUCCESS,UPI,2024-03-22 00:00:00,RPZ_WD7MF03E
ORD_00470,CUST_1194,17422.18,INR,REFUNDED,UPI,2024-02-14 00:00:00,RPZ_99E3YIGS
ORD_00347,CUST_8172,2031.16,INR,SUCCESS,NET_BANKING,2024-03-30 00:00:00,RPZ_90HB39EE
ORD_00444,CUST_2185,8507.15,INR,REFUNDED,CREDIT_CARD,2024-01-05 00:00:00,RPZ_Y6YUYT04
ORD_00861,CUST_4282,37334.76,INR,FAILED,UPI,2024-01-25 00:00:00,RPZ_2RSD509D
ORD_00880,CUST_7409,45155.01,INR,SUCCESS,CREDIT_CARD,2024-02-11 00:00:00,RPZ_2UZ6F55T
ORD_00146,CUST_6741,13513.29,INR,SUCCESS,WALLET,2024-02-09 00:00:00,RPZ_ZZZ3ONBP
ORD_00307,CUST_5769,48260.0,INR,SUCCESS,CREDIT_CARD,2024-02-15 00:00:00,RPZ_UZ2NPYBN
ORD_00102,CUST_8566,45119.4,INR,SUCCESS,DEBIT_CARD,2024-01-09 00:00:00,RPZ_0EY61OF2
ORD_00180,CUST_9906,33891.27,INR,SUCCESS,UPI,2024-02-03 00:00:00,RPZ_NOKP8E9H
ORD_00298,CUST_7607,43374.36,INR,SUCCESS,NET_BANKING,2024-02-07 00:00:00,RPZ_8GXN82LF
ORD_00673,CUST_2904,44080.72,INR,FAILED,WALLET,2024-03-25 00:00:00,RPZ_KNXEOERP
ORD_00761,CUST_4806,5638.87,INR,SUCCESS,DEBIT_CARD,2024-02-15 00:00:00,RPZ_DPZNYCAK
ORD_00787,CUST_8073,34044.14,INR,SUCCESS,CREDIT_CARD,2024-02-20 00:00:00,RPZ_FEMK29J6
ORD_00305,CUST_3101,32332.18,INR,REFUNDED,NET_BANKING,2024-01-01 00:00:00,RPZ_GOJPV5MD
ORD_00545,CUST_7512,19566.36,INR,FAILED,UPI,2024-01-06 00:00:00,RPZ_HIG2O54C
ORD_00770,CUST_7408,2202.95,INR,REFUNDED,DEBIT_CARD,2024-02-19 00:00:00,RPZ_MV79T6XL
ORD_00737,CUST_4216,4146.85,INR,REFUNDED,UPI,2024-02-22 00:00:00,RPZ_FYELWBUR
ORD_00249,CUST_1726,44768.58,INR,FAILED,NET_BANKING,2024-03-30 00:00:00,RPZ_SXGNJ97A
ORD_00566,CUST_7526,35299.51,INR,SUCCESS,UPI,2024-03-18 00:00:00,RPZ_C2806583
ORD_00798,CUST_2947,17409.17,INR,SUCCESS,NET_BANKING,2024-03-15 00:00:00,RPZ_RV6AFCQY
ORD_00313,CUST_4965,21092.74,INR,SUCCESS,UPI,2024-02-16 00:00:00,RPZ_55PY8N37
ORD_00749,CUST_2193,7820.63,INR,FAILED,NET_BANKING,2024-02-08 00:00:00,RPZ_2ISOBL95
ORD_00467,CUST_5770,27179.58,INR,REFUNDED,DEBIT_CARD,2024-01-20 00:00:00,RPZ_0MZALA84
ORD_00217,CUST_7104,25667.64,INR,SUCCESS,WALLET,2024-01-16 00:00:00,RPZ_8B54Y8SF
ORD_00114,CUST_1085,3425.22,INR,SUCCESS,CREDIT_CARD,2024-03-03 00:00:00,RPZ_TQZ3XVPI
ORD_00826,CUST_9519,19576.13,INR,SUCCESS,UPI,2024-03-13 00:00:00,RPZ_1ZRUKRAF
ORD_00989,CUST_1739,48718.3,INR,SUCCESS,CREDIT_CARD,2024-02-17 00:00:00,RPZ_UJP6ZS0J
ORD_00739,CUST_5064,38335.08,INR,SUCCESS,WALLET,2024-02-10 00:00:00,RPZ_IQ53V5QO
ORD_00846,CUST_4306,4816.39,INR,SUCCESS,WALLET,2024-03-02 00:00:00,RPZ_2RPNTOSJ
ORD_00212,CUST_2933,49658.02,INR,SUCCESS,WALLET,2024-02-29 00:00:00,RPZ_2KKO0STL
ORD_00332,CUST_9452,8666.22,INR,SUCCESS,WALLET,2024-01-10 00:00:00,RPZ_BNN8IIAF
ORD_00876,CUST_6058,21365.21,INR,SUCCESS,UPI,2024-03-28 00:00:00,RPZ_4NDZY83Q
ORD_00767,CUST_5011,49490.65,INR,SUCCESS,DEBIT_CARD,2024-03-13 00:00:00,RPZ_Z7RWLJU3
ORD_00072,CUST_6959,10535.36,INR,FAILED,DEBIT_CARD,2024-02-13 00:00:00,RPZ_3ROVOHDF
ORD_00468,CUST_9732,41931.59,INR,FAILED,DEBIT_CARD,2024-03-02 00:00:00,RPZ_36G4WZOX
ORD_00940,CUST_3836,36867.98,INR,SUCCESS,DEBIT_CARD,2024-02-21 00:00:00,RPZ_0KDPAWA4
ORD_00047,CUST_7628,2938.66,INR,SUCCESS,NET_BANKING,2024-01-09 00:00:00,RPZ_CNQQNI4C
ORD_00592,CUST_8583,40190.26,INR,SUCCESS,UPI,2024-02-07 00:00:00,RPZ_NHIMVREQ
ORD_00591,CUST_8360,39445.75,INR,SUCCESS,NET_BANKING,2024-02-02 00:00:00,RPZ_UFQTBDIZ
ORD_00501,CUST_2356,10346.88,INR,REFUNDED,NET_BANKING,2024-02-16 00:00:00,RPZ_XPBW603L
ORD_00032,CUST_5917,36825.66,INR,SUCCESS,CREDIT_CARD,2024-01-27 00:00:00,RPZ_NT2MQZBM
ORD_00175,CUST_7466,47197.1,INR,SUCCESS,CREDIT_CARD,2024-01-14 00:00:00,RPZ_P0KQ6LIM
ORD_00372,CUST_7558,19020.79,INR,SUCCESS,UPI,2024-03-04 00:00:00,RPZ_ZD6YV2S8
ORD_00124,CUST_1163,44704.73,INR,SUCCESS,WALLET,2024-01-10 00:00:00,RPZ_6M33GCC7
ORD_00555,CUST_6318,6565.72,INR,SUCCESS,DEBIT_CARD,2024-02-25 00:00:00,RPZ_MBWFEE4U
ORD_00358,CUST_7744,6128.89,INR,REFUNDED,NET_BANKING,2024-01-16 00:00:00,RPZ_AD3T55XI
ORD_00805,CUST_8244,4556.15,INR,SUCCESS,UPI,2024-03-02 00:00:00,RPZ_3U0UQ5SV
ORD_00247,CUST_3743,45377.74,INR,FAILED,UPI,2024-01-18 00:00:00,RPZ_1CMTQ0N2
ORD_00112,CUST_8533,31277.71,INR,FAILED,UPI,2024-01-13 00:00:00,RPZ_KJ1B30U6
ORD_00457,CUST_9844,2682.27,INR,SUCCESS,NET_BANKING,2024-03-08 00:00:00,RPZ_MSXEP46Z
ORD_00106,CUST_9712,29742.31,INR,SUCCESS,NET_BANKING,2024-01-29 00:00:00,RPZ_QL98H6H4
ORD_00469,CUST_7826,30932.99,INR,SUCCESS,DEBIT_CARD,2024-02-21 00:00:00,RPZ_BFRJDVIM
ORD_00160,CUST_8752,6758.96,INR,FAILED,NET_BANKING,2024-01-21 00:00:00,RPZ_PIO6U227
ORD_00077,CUST_5196,49872.85,INR,SUCCESS,NET_BANKING,2024-03-27 00:00:00,RPZ_YHM5HORN
ORD_00376,CUST_7094,37833.28,INR,SUCCESS,NET_BANKING,2024-02-25 00:00:00,RPZ_QJZLR3DJ
ORD_00229,CUST_3683,19040.05,INR,FAILED,UPI,2024-02-29 00:00:00,RPZ_ETZDLGDO
ORD_00697,CUST_4540,34788.03,INR,SUCCESS,NET_BANKING,2024-01-11 00:00:00,RPZ_ZNBGC5FS
ORD_00480,CUST_5410,14996.34,INR,REFUNDED,DEBIT_CARD,2024-01-12 00:00:00,RPZ_96YJ9PXP
ORD_00544,CUST_1599,12819.87,INR,SUCCESS,CREDIT_CARD,2024-01-03 00:00:00,RPZ_G68F2XQI
ORD_00755,CUST_8678,41133.29,INR,SUCCESS,WALLET,2024-03-11 00:00:00,RPZ_17QCHIPC
ORD_00030,CUST_4744,25845.65,INR,FAILED,NET_BANKING,2024-02-29 00:00:00,RPZ_8PVXG87S
ORD_00292,CUST_5583,9856.91,INR,FAILED,CREDIT_CARD,2024-02-19 00:00:00,RPZ_OTXRVTA4
ORD_00640,CUST_4169,3814.79,INR,SUCCESS,DEBIT_CARD,2024-01-01 00:00:00,RPZ_2LS3V7SK
ORD_00897,CUST_9763,16692.72,INR,SUCCESS,CREDIT_CARD,2024-01-06 00:00:00,RPZ_6L7RE04R
ORD_00751,CUST_1047,19863.25,INR,REFUNDED,NET_BANKING,2024-02-23 00:00:00,RPZ_AMHOKYJC
ORD_00654,CUST_2996,39626.11,INR,SUCCESS,CREDIT_CARD,2024-01-31 00:00:00,RPZ_I791KIGR
ORD_00491,CUST_2641,30876.68,INR,SUCCESS,WALLET,2024-01-09 00:00:00,RPZ_ITMAZX0Y
ORD_00870,CUST_4657,46977.41,INR,REFUNDED,NET_BANKING,2024-01-31 00:00:00,RPZ_LI5P3D21
ORD_00901,CUST_1707,31635.49,INR,REFUNDED,WALLET,2024-02-11 00:00:00,RPZ_SDLXYZNW
ORD_00658,CUST_9327,3187.65,INR,SUCCESS,CREDIT_CARD,2024-01-15 00:00:00,RPZ_2Q41OWL0
ORD_00007,CUST_2214,23577.55,INR,FAILED,DEBIT_CARD,2024-02-07 00:00:00,RPZ_42V503I9
ORD_00267,CUST_7801,2402.18,INR,SUCCESS,DEBIT_CARD,2024-01-28 00:00:00,RPZ_CK1P06LF
ORD_00210,CUST_4390,20481.53,INR,SUCCESS,WALLET,2024-02-14 00:00:00,RPZ_CRCA33CX
ORD_00633,CUST_2420,48311.6,INR,SUCCESS,WALLET,2024-03-28 00:00:00,RPZ_TZ55WKES
ORD_00639,CUST_1036,25566.6,INR,SUCCESS,WALLET,2024-03-22 00:00:00,RPZ_C2AY1I1N
ORD_00829,CUST_1753,42588.93,INR,SUCCESS,WALLET,2024-02-03 00:00:00,RPZ_MFJ7V7PT
ORD_00100,CUST_7845,15007.66,INR,SUCCESS,UPI,2024-03-25 00:00:00,RPZ_9ZHS2E7E
ORD_00586,CUST_6734,7899.97,INR,REFUNDED,DEBIT_CARD,2024-01-10 00:00:00,RPZ_NEMEIRE2
ORD_00354,CUST_5648,44854.51,INR,FAILED,WALLET,2024-01-03 00:00:00,RPZ_TE8HFVTF
ORD_00186,CUST_4592,39743.59,INR,SUCCESS,NET_BANKING,2024-01-20 00:00:00,RPZ_JXYDPU83
ORD_00048,CUST_7978,4520.06,INR,SUCCESS,CREDIT_CARD,2024-03-30 00:00:00,RPZ_JF9XKOCO
ORD_00814,CUST_9602,9938.67,INR,SUCCESS,CREDIT_CARD,2024-01-01 00:00:00,RPZ_61NRLEE7
ORD_00559,CUST_2758,41397.06,INR,REFUNDED,UPI,2024-01-03 00:00:00,RPZ_212LGA9U
ORD_00588,CUST_5106,28336.16,INR,FAILED,UPI,2024-03-31 00:00:00,RPZ_VCIJGT20
ORD_00882,CUST_7350,21910.35,INR,SUCCESS,CREDIT_CARD,2024-02-01 00:00:00,RPZ_P7YBPTYF
ORD_00359,CUST_7885,20806.29,INR,SUCCESS,UPI,2024-03-03 00:00:00,RPZ_8I7ZPRJI
ORD_00051,CUST_7332,48206.12,INR,SUCCESS,NET_BANKING,2024-02-14 00:00:34,RPZ_BEQWJPD1
ORD_00774,CUST_8005,39784.32,INR,SUCCESS,UPI,2024-02-20 00:00:00,RPZ_MXESHV7Y
ORD_00687,CUST_5915,36595.46,INR,REFUNDED,WALLET,2024-01-08 00:00:00,RPZ_XCNNHY64
ORD_00108,CUST_1984,33324.55,INR,SUCCESS,UPI,2024-03-31 00:00:00,RPZ_IWT4Q23N
ORD_00443,CUST_7503,46813.91,INR,REFUNDED,CREDIT_CARD,2024-01-26 00:00:00,RPZ_IZF7RMYR
ORD_00408,CUST_6083,34840.1,INR,SUCCESS,CREDIT_CARD,2024-01-19 00:00:00,RPZ_REMDWTGH
ORD_00431,CUST_8332,3791.94,INR,SUCCESS,CREDIT_CARD,2024-02-26 00:00:00,RPZ_SM5WWAOV
ORD_00058,CUST_5669,1101.18,INR,REFUNDED,UPI,2024-02-03 00:00:00,RPZ_KE5TRHCE
ORD_00777,CUST_8188,28489.78,INR,SUCCESS,NET_BANKING,2024-02-25 00:00:00,RPZ_V115AIQS
ORD_00584,CUST_6386,43331.27,INR,SUCCESS,UPI,2024-02-29 00:00:00,RPZ_3MZD1SC4
ORD_00824,CUST_4894,44705.11,INR,SUCCESS,CREDIT_CARD,2024-01-18 00:00:04,RPZ_IB50BBT5
ORD_00953,CUST_2097,2793.4,INR,FAILED,CREDIT_CARD,2024-03-05 00:00:00,RPZ_0VVS4USP
ORD_00644,CUST_3603,36835.46,INR,SUCCESS,CREDIT_CARD,2024-02-20 00:00:00,RPZ_Q34AAXJT
ORD_00422,CUST_8547,32880.49,INR,SUCCESS,CREDIT_CARD,2024-01-19 00:00:00,RPZ_HP2AO8AM
ORD_00389,CUST_1242,31536.21,INR,SUCCESS,UPI,2024-02-06 00:00:00,RPZ_BTG9I15C
ORD_00915,CUST_8696,34751.7,INR,SUCCESS,UPI,2024-02-04 00:00:00,RPZ_SLOU81G4
ORD_00855,CUST_3735,32546.31,INR,SUCCESS,DEBIT_CARD,2024-01-27 00:00:00,RPZ_KTQ8YZ2O
ORD_00539,CUST_7381,18038.99,INR,SUCCESS,UPI,2024-01-01 00:00:00,RPZ_AMSQYOSI
ORD_00355,CUST_7721,12511.37,INR,SUCCESS,WALLET,2024-03-06 00:00:00,RPZ_YFVTAH4U
ORD_00512,CUST_2905,47005.61,INR,REFUNDED,WALLET,2024-01-06 00:00:00,RPZ_RFVGM1WE
ORD_00290,CUST_3660,11702.7,INR,SUCCESS,CREDIT_CARD,2024-02-20 00:00:00,RPZ_49IJKVSN
ORD_00060,CUST_3915,39786.12,INR,FAILED,WALLET,2024-02-09 00:00:00,RPZ_IAXE42FK
ORD_00661,CUST_7911,22306.08,INR,SUCCESS,CREDIT_CARD,2024-03-07 00:00:00,RPZ_52DSSVR8
ORD_00407,CUST_4664,38844.05,INR,SUCCESS,WALLET,2024-01-24 00:00:00,RPZ_DQ3UNTDK
ORD_00427,CUST_2124,37684.89,INR,SUCCESS,UPI,2024-03-08 00:00:00,RPZ_1IYOG34E
ORD_00552,CUST_2017,10534.17,INR,FAILED,DEBIT_CARD,2024-01-14 00:00:00,RPZ_GAYUG257
ORD_00042,CUST_5432,26536.55,INR,REFUNDED,DEBIT_CARD,2024-03-26 00:00:00,RPZ_IM75R91R
ORD_00857,CUST_9689,36820.57,INR,SUCCESS,CREDIT_CARD,2024-03-04 00:00:00,RPZ_7YIIUJGL
ORD_00016,CUST_4412,15033.54,INR,SUCCESS,CREDIT_CARD,2024-01-20 00:00:00,RPZ_NOMUXXMR
ORD_00682,CUST_6773,19481.65,INR,REFUNDED,NET_BANKING,2024-03-27 00:00:00,RPZ_M5KWM8TN
ORD_00462,CUST_2697,28283.38,INR,FAILED,DEBIT_CARD,2024-02-09 00:00:00,RPZ_J78H2VUJ
ORD_00373,CUST_7287,20798.21,INR,SUCCESS,DEBIT_CARD,2024-02-05 00:00:00,RPZ_BGNVWNVV
ORD_00225,CUST_5352,12924.68,INR,SUCCESS,NET_BANKING,2024-02-02 00:00:00,RPZ_NL7ULAEL
ORD_00803,CUST_8914,5069.12,INR,REFUNDED,NET_BANKING,2024-03-25 00:00:00,RPZ_SKZTWNF2
ORD_00088,CUST_7859,1497.71,INR,SUCCESS,DEBIT_CARD,2024-01-15 00:00:00,RPZ_TSM9FJ2M
ORD_00872,CUST_8470,7060.66,INR,SUCCESS,WALLET,2024-03-28 00:00:00,RPZ_JK6R4MDZ
ORD_00277,CUST_2308,36154.29,INR,SUCCESS,DEBIT_CARD,2024-03-09 00:00:00,RPZ_H11OYC8M
ORD_00850,CUST_7536,26440.86,INR,SUCCESS,NET_BANKING,2024-01-11 00:00:00,RPZ_Z1SH7Y2V
ORD_00074,CUST_4538,27156.02,INR,SUCCESS,WALLET,2024-02-05 00:00:00,RPZ_3NGB0FRZ
ORD_00637,CUST_6644,13390.25,INR,SUCCESS,NET_BANKING,2024-03-29 00:00:00,RPZ_7LEVDXPL
ORD_00184,CUST_1527,16364.37,INR,SUCCESS,NET_BANKING,2024-02-24 00:00:00,RPZ_SJBQC0ZP
ORD_00308,CUST_9759,21307.37,INR,SUCCESS,UPI,2024-02-18 00:00:00,RPZ_RGE2Y5RG
ORD_00723,CUST_1345,38912.04,INR,REFUNDED,UPI,2024-03-04 00:00:00,RPZ_JHDKYZ05
ORD_00257,CUST_2243,40825.73,INR,SUCCESS,DEBIT_CARD,2024-01-12 00:00:00,RPZ_SHI4WYL5
ORD_00728,CUST_3981,16819.55,INR,SUCCESS,NET_BANKING,2024-03-06 00:00:00,RPZ_NQN71KJI
ORD_00232,CUST_9382,48064.07,INR,REFUNDED,UPI,2024-01-29 00:00:00,RPZ_UZ6FB80S
ORD_00567,CUST_6940,27847.81,INR,SUCCESS,UPI,2024-01-02 00:00:00,RPZ_VGDSAGSG
ORD_00474,CUST_9975,31054.47,INR,REFUNDED,CREDIT_CARD,2024-01-24 00:00:00,RPZ_B1PKYJ2Q
ORD_00605,CUST_9962,24063.15,INR,SUCCESS,UPI,2024-03-28 00:00:00,RPZ_EOI6V7Z0
ORD_00867,CUST_8933,45750.38,INR,SUCCESS,NET_BANKING,2024-02-08 00:00:00,RPZ_VYOIAA8A
ORD_00424,CUST_5559,6035.06,INR,SUCCESS,CREDIT_CARD,2024-03-18 00:00:00,RPZ_BSYWM83D
ORD_00275,CUST_9805,46589.87,INR,SUCCESS,CREDIT_CARD,2024-03-07 00:00:00,RPZ_X7VJ2ZXT
ORD_00747,CUST_1333,32156.45,INR,SUCCESS,UPI,2024-01-08 00:00:00,RPZ_QRMXH9GS
ORD_00005,CUST_1517,241.6,INR,SUCCESS,NET_BANKING,2024-02-03 00:00:03,RPZ_R6T5U9MX
ORD_00396,CUST_4595,44315.87,INR,REFUNDED,NET_BANKING,2024-03-07 00:00:00,RPZ_C06JSPE6
ORD_00759,CUST_1942,22549.57,INR,FAILED,DEBIT_CARD,2024-01-26 00:00:00,RPZ_1G9WXAW7
ORD_00985,CUST_1572,2430.64,INR,REFUNDED,NET_BANKING,2024-01-29 00:00:00,RPZ_ONSN3Q5W
ORD_00676,CUST_1989,19335.07,INR,FAILED,UPI,2024-02-27 00:00:00,RPZ_ACJZ3Y1U
ORD_00680,CUST_2977,21983.21,INR,SUCCESS,UPI,2024-02-08 00:00:00,RPZ_KLNMVTHL
ORD_00386,CUST_7407,16063.71,INR,SUCCESS,CREDIT_CARD,2024-01-13 00:00:00,RPZ_5GVK85EX
ORD_00843,CUST_3042,37679.48,INR,SUCCESS,DEBIT_CARD,2024-03-27 00:00:00,RPZ_OI92W0Y1
ORD_00003,CUST_7583,38852.93,INR,FAILED,CREDIT_CARD,2024-02-19 00:00:00,RPZ_RMZQQAMR
ORD_00550,CUST_1241,31230.83,INR,SUCCESS,WALLET,2024-02-01 00:00:00,RPZ_VWCMM9PC
ORD_00318,CUST_1539,20091.19,INR,SUCCESS,NET_BANKING,2024-03-17 00:00:00,RPZ_4KQZT134
ORD_00992,CUST_1701,37838.45,INR,SUCCESS,CREDIT_CARD,2024-03-04 00:00:00,RPZ_ZLQ037QQ
ORD_00726,CUST_9430,28336.65,INR,SUCCESS,NET_BANKING,2024-03-14 00:00:00,RPZ_FOK0NH9Q
ORD_00230,CUST_5063,39364.54,INR,SUCCESS,DEBIT_CARD,2024-03-10 00:00:00,RPZ_T7QEYVPS
ORD_00461,CUST_3678,38941.9,INR,REFUNDED,DEBIT_CARD,2024-02-15 00:00:00,RPZ_BB958MB0
ORD_00804,CUST_7684,6619.22,INR,SUCCESS,DEBIT_CARD,2024-01-08 00:00:00,RPZ_W3M4YIRG
ORD_00069,CUST_4303,27032.6,INR,SUCCESS,CREDIT_CARD,2024-02-02 00:00:16,RPZ_8Z5VRCS8
ORD_00097,CUST_5261,34865.0,INR,SUCCESS,DEBIT_CARD,2024-02-21 00:00:00,RPZ_SA5WRTMT
ORD_00540,CUST_3287,25900.6,INR,SUCCESS,DEBIT_CARD,2024-02-01 00:00:00,RPZ_BSCCB5H3
ORD_00927,CUST_3898,14557.76,INR,SUCCESS,NET_BANKING,2024-03-12 00:00:00,RPZ_X378QZE5
ORD_00648,CUST_8121,24180.69,INR,SUCCESS,CREDIT_CARD,2024-02-28 00:00:00,RPZ_AQTWEUA2
ORD_00266,CUST_1640,583.86,INR,SUCCESS,NET_BANKING,2024-02-04 00:00:00,RPZ_8HZLG2ZD
ORD_00828,CUST_2927,28909.4,INR,SUCCESS,WALLET,2024-03-01 00:00:00,RPZ_XVST1NOT
ORD_00352,CUST_9511,40475.38,INR,SUCCESS,UPI,2024-01-29 00:00:00,RPZ_K5449V6F
ORD_00542,CUST_8168,10346.19,INR,REFUNDED,NET_BANKING,2024-03-29 00:00:00,RPZ_N0XY02DR
ORD_00903,CUST_5348,2030.09,INR,REFUNDED,NET_BANKING,2024-03-25 00:00:00,RPZ_YGK59Q16
ORD_00330,CUST_7728,23346.31,INR,SUCCESS,NET_BANKING,2024-01-29 00:00:00,RPZ_MFR2P9FJ
ORD_00711,CUST_5411,37471.74,INR,FAILED,DEBIT_CARD,2024-01-09 00:00:00,RPZ_1KCU52MP
ORD_00282,CUST_6947,15149.88,INR,REFUNDED,CREDIT_CARD,2024-03-24 00:00:00,RPZ_BH6Q0LV0
ORD_00887,CUST_2580,49754.94,INR,FAILED,WALLET,2024-02-14 00:00:00,RPZ_MR6429RO
ORD_00975,CUST_9084,6069.99,INR,SUCCESS,NET_BANKING,2024-02-29 00:00:00,RPZ_WBDZHZOJ
ORD_00933,CUST_7698,5345.63,INR,FAILED,DEBIT_CARD,2024-01-27 00:00:00,RPZ_LM5L1TND
ORD_00287,CUST_9713,4624.2,INR,SUCCESS,WALLET,2024-03-08 00:00:00,RPZ_Q6IFGQEY
ORD_00808,CUST_9012,47647.27,INR,FAILED,WALLET,2024-03-07 00:00:00,RPZ_A0EVQM3O
ORD_00323,CUST_4708,12034.78,INR,SUCCESS,WALLET,2024-03-31 00:00:00,RPZ_8PB7TG12
ORD_00635,CUST_5166,25353.97,INR,SUCCESS,UPI,2024-01-13 00:00:00,RPZ_2HCLNPUK
ORD_00139,CUST_3488,33661.42,INR,SUCCESS,NET_BANKING,2024-03-08 00:00:00,RPZ_6RI8DPEW
ORD_00208,CUST_2637,16174.06,INR,FAILED,NET_BANKING,2024-03-19 00:00:00,RPZ_BX3O87R8
ORD_00848,CUST_8956,9045.9,INR,SUCCESS,CREDIT_CARD,2024-01-26 00:00:00,RPZ_5RBNDUJ4
ORD_00626,CUST_9288,6785.94,INR,REFUNDED,NET_BANKING,2024-03-31 00:00:00,RPZ_LEXL7A6Q
ORD_00096,CUST_8050,31894.25,INR,FAILED,CREDIT_CARD,2024-01-18 00:00:00,RPZ_W7ERDJOF
ORD_00606,CUST_7972,47588.19,INR,SUCCESS,DEBIT_CARD,2024-02-19 00:00:00,RPZ_SP1GS1I9
ORD_00991,CUST_4898,20902.32,INR,FAILED,NET_BANKING,2024-02-09 00:00:00,RPZ_UN519GZ3
ORD_00306,CUST_9965,28510.78,INR,SUCCESS,UPI,2024-01-26 00:00:00,RPZ_2RDGKQFL
ORD_00166,CUST_3371,38273.16,INR,SUCCESS,UPI,2024-02-23 00:00:00,RPZ_X8UBMM36
ORD_00834,CUST_5573,16529.3,INR,SUCCESS,CREDIT_CARD,2024-03-23 00:00:00,RPZ_NLGEH6XD
ORD_00945,CUST_7968,6289.44,INR,SUCCESS,NET_BANKING,2024-01-16 00:00:00,RPZ_OIWKZNDI
ORD_00116,CUST_7728,30443.05,INR,SUCCESS,DEBIT_CARD,2024-02-05 00:00:00,RPZ_2PZAFEFE
ORD_00973,CUST_3486,48081.42,INR,SUCCESS,UPI,2024-02-11 00:00:00,RPZ_GC3WQ4N5
ORD_00453,CUST_5770,30431.07,INR,SUCCESS,NET_BANKING,2024-03-17 00:00:00,RPZ_K1HBKBE4
ORD_00195,CUST_1812,665.73,INR,SUCCESS,WALLET,2024-01-16 00:00:00,RPZ_KLSFRV06
ORD_00791,CUST_8786,38037.41,INR,SUCCESS,NET_BANKING,2024-01-29 00:00:00,RPZ_3MSFU5KD
ORD_00299,CUST_4061,1029.76,INR,REFUNDED,DEBIT_CARD,2024-01-28 00:00:00,RPZ_LZGLSXZK
ORD_00205,CUST_5300,30348.74,INR,SUCCESS,WALLET,2024-01-28 00:00:00,RPZ_X14OWQBQ
ORD_00705,CUST_2466,47379.15,INR,SUCCESS,DEBIT_CARD,2024-02-21 00:00:00,RPZ_074R6CP0
ORD_00996,CUST_3634,17165.44,INR,FAILED,WALLET,2024-02-11 00:00:00,RPZ_UU1UKH7B
ORD_00748,CUST_9560,19840.32,INR,SUCCESS,CREDIT_CARD,2024-03-01 00:00:00,RPZ_85RDYC0P
ORD_00981,CUST_9870,11544.91,INR,FAILED,DEBIT_CARD,2024-02-01 00:00:00,RPZ_GT67EFE4
ORD_00209,CUST_8055,43046.58,INR,SUCCESS,CREDIT_CARD,2024-02-20 00:00:00,RPZ_3ALLSMN1
ORD_00928,CUST_8459,40491.94,INR,FAILED,WALLET,2024-03-01 00:00:00,RPZ_E7WE156E
ORD_00378,CUST_7865,30684.3,INR,SUCCESS,UPI,2024-01-29 00:00:00,RPZ_AFOF3C6W
ORD_00604,CUST_9709,8266.39,INR,SUCCESS,WALLET,2024-01-04 00:00:00,RPZ_A2QHKTN8
ORD_00793,CUST_1249,16368.47,INR,REFUNDED,NET_BANKING,2024-02-01 00:00:00,RPZ_AG53JHM0
ORD_00057,CUST_1535,41732.9,INR,SUCCESS,DEBIT_CARD,2024-02-17 00:00:00,RPZ_4UFMHVJM
ORD_00394,CUST_6197,46780.26,INR,SUCCESS,NET_BANKING,2024-01-19 00:00:00,RPZ_OQ187B9R
ORD_00037,CUST_9972,8735.89,INR,FAILED,NET_BANKING,2024-02-08 00:00:00,RPZ_DYXBMKIE
ORD_00349,CUST_9028,10656.42,INR,SUCCESS,NET_BANKING,2024-03-26 00:00:00,RPZ_AVML7N2T
ORD_00967,CUST_8751,34330.27,INR,REFUNDED,UPI,2024-03-23 00:00:00,RPZ_UAMDOCI7
ORD_00831,CUST_5334,43758.36,INR,SUCCESS,WALLET,2024-02-11 00:00:00,RPZ_S4XZESLF
ORD_00409,CUST_3528,1858.43,INR,SUCCESS,UPI,2024-01-17 00:00:54,RPZ_BYURSY7T
ORD_00722,CUST_6973,22636.74,INR,SUCCESS,WALLET,2024-03-03 00:00:00,RPZ_5OK95398
ORD_00864,CUST_3762,34398.2,INR,FAILED,NET_BANKING,2024-01-07 00:00:00,RPZ_CK6K1TVK
ORD_00790,CUST_4907,45475.67,INR,SUCCESS,CREDIT_CARD,2024-02-04 00:00:00,RPZ_G682KJSP
ORD_00295,CUST_3014,23691.24,INR,FAILED,DEBIT_CARD,2024-02-26 00:00:00,RPZ_D28FHCN6
ORD_00085,CUST_2813,14436.99,INR,SUCCESS,DEBIT_CARD,2024-02-26 00:00:00,RPZ_XYXY79UD
ORD_00182,CUST_1560,21977.54,INR,SUCCESS,CREDIT_CARD,2024-01-26 00:00:00,RPZ_YIBDJVYK
ORD_00598,CUST_6842,24583.97,INR,SUCCESS,WALLET,2024-03-17 00:00:00,RPZ_9P0OOYT8
ORD_00054,CUST_3224,36032.28,INR,REFUNDED,WALLET,2024-02-09 00:00:00,RPZ_E4AVYG43
ORD_00875,CUST_2959,13413.66,INR,SUCCESS,NET_BANKING,2024-02-03 00:00:00,RPZ_ILX9I35N
ORD_00710,CUST_5880,41442.29,INR,SUCCESS,NET_BANKING,2024-01-19 00:00:00,RPZ_95V241T7
ORD_00278,CUST_2382,8479.81,INR,REFUNDED,WALLET,2024-01-11 00:00:00,RPZ_C5GQRCCS
ORD_00546,CUST_1250,8398.49,INR,SUCCESS,CREDIT_CARD,2024-03-22 00:00:00,RPZ_EN7ZGRHH
ORD_00235,CUST_6210,25454.59,INR,REFUNDED,NET_BANKING,2024-01-31 00:00:00,RPZ_6P4QFZZ2
ORD_00392,CUST_9518,42977.17,INR,SUCCESS,CREDIT_CARD,2024-02-03 00:00:00,RPZ_J5E8GA9R
ORD_00651,CUST_9102,49012.9,INR,SUCCESS,NET_BANKING,2024-02-12 00:00:00,RPZ_AKB4FI0E
ORD_00167,CUST_2259,46503.25,INR,SUCCESS,DEBIT_CARD,2024-03-19 00:00:00,RPZ_39H32CYU
ORD_00066,CUST_6961,49549.4,INR,FAILED,WALLET,2024-03-07 00:00:00,RPZ_5SQOST8U
ORD_00086,CUST_1328,38580.74,INR,SUCCESS,NET_BANKING,2024-01-29 00:00:00,RPZ_64YLZ76U
ORD_00381,CUST_6745,17315.04,INR,SUCCESS,DEBIT_CARD,2024-01-02 00:00:00,RPZ_9Z1VPN8D
ORD_00092,CUST_5876,7302.95,INR,SUCCESS,DEBIT_CARD,2024-01-15 00:00:00,RPZ_VSJF9Z09
ORD_00283,CUST_3262,43658.97,INR,SUCCESS,DEBIT_CARD,2024-03-07 00:00:00,RPZ_LA0PE1SW
ORD_00807,CUST_6453,36013.41,INR,SUCCESS,NET_BANKING,2024-01-16 00:00:00,RPZ_TXBHQ1CU
ORD_00163,CUST_8605,4821.36,INR,SUCCESS,CREDIT_CARD,2024-03-09 00:00:00,RPZ_CPPKAPNN
ORD_00851,CUST_9022,6154.66,INR,FAILED,WALLET,2024-01-27 00:00:00,RPZ_O3CEXOBQ
ORD_00815,CUST_8458,34089.08,INR,FAILED,UPI,2024-01-25 00:00:00,RPZ_CUVQU34E
ORD_00921,CUST_3474,20832.86,INR,SUCCESS,WALLET,2024-01-19 00:00:00,RPZ_WAFZQGBH
ORD_00964,CUST_8171,8642.98,INR,SUCCESS,DEBIT_CARD,2024-01-23 00:00:00,RPZ_X1G04DB0
ORD_00185,CUST_2938,9981.2,INR,REFUNDED,UPI,2024-03-13 00:00:00,RPZ_JDRXT33I
ORD_00221,CUST_5369,43028.25,INR,SUCCESS,DEBIT_CARD,2024-02-27 00:00:00,RPZ_CPJWVVTR
ORD_00506,CUST_8706,11778.59,INR,FAILED,DEBIT_CARD,2024-01-16 00:00:00,RPZ_GU7D42WO
ORD_00763,CUST_9153,23040.77,INR,FAILED,WALLET,2024-03-03 00:00:00,RPZ_ZTJG3EX9
ORD_00498,CUST_6805,36740.34,INR,SUCCESS,WALLET,2024-02-17 00:00:48,RPZ_FEKVOC0R
ORD_00397,CUST_9627,33782.63,INR,SUCCESS,WALLET,2024-01-16 00:00:00,RPZ_CHOP45WB
ORD_00859,CUST_5357,5314.58,INR,FAILED,NET_BANKING,2024-02-16 00:00:00,RPZ_02QJUFG1
ORD_00862,CUST_2430,33338.44,INR,FAILED,WALLET,2024-01-15 00:00:00,RPZ_6VULTCV5
ORD_00577,CUST_8410,20211.48,INR,SUCCESS,DEBIT_CARD,2024-02-21 00:00:00,RPZ_2SGRD1CW
ORD_00051,CUST_7332,48206.12,INR,SUCCESS,NET_BANKING,2024-02-14 00:00:00,RPZ_BEQWJPD1
ORD_00636,CUST_2243,11046.92,INR,REFUNDED,CREDIT_CARD,2024-03-25 00:00:00,RPZ_5R63EDU3
ORD_00628,CUST_7772,10950.25,INR,REFUNDED,CREDIT_CARD,2024-01-30 00:00:00,RPZ_D3IQJ45I
ORD_00707,CUST_6699,26018.03,INR,SUCCESS,DEBIT_CARD,2024-01-09 00:00:00,RPZ_GEAVCFV2
ORD_00866,CUST_9457,19538.39,INR,FAILED,DEBIT_CARD,2024-03-05 00:00:00,RPZ_VAPWZLFX
ORD_00969,CUST_3098,39647.17,INR,SUCCESS,NET_BANKING,2024-03-20 00:00:00,RPZ_OFF7NC2E
ORD_00779,CUST_4814,25111.75,INR,FAILED,DEBIT_CARD,2024-03-28 00:00:00,RPZ_S1BVRVLG
ORD_00222,CUST_5122,49625.05,INR,SUCCESS,DEBIT_CARD,2024-02-05 00:00:00,RPZ_UOVA1RKI
ORD_00585,CUST_4503,36023.35,INR,SUCCESS,DEBIT_CARD,2024-01-12 00:00:00,RPZ_V47RJ49T
ORD_00530,CUST_9323,16285.91,INR,SUCCESS,WALLET,2024-03-29 00:00:00,RPZ_BJ7MG0AP
ORD_00400,CUST_9831,37295.91,INR,SUCCESS,DEBIT_CARD,2024-01-09 00:00:00,RPZ_FT44I21V
ORD_00784,CUST_6823,8009.57,INR,SUCCESS,DEBIT_CARD,2024-02-12 00:00:00,RPZ_B5TA37SK
ORD_00958,CUST_1370,208.33,INR,SUCCESS,NET_BANKING,2024-01-18 00:00:00,RPZ_XIQ95KU1
ORD_00061,CUST_4682,43591.21,INR,SUCCESS,NET_BANKING,2024-01-01 00:00:00,RPZ_TL9MDOEN
ORD_00433,CUST_9020,25130.12,INR,FAILED,DEBIT_CARD,2024-02-12 00:00:00,RPZ_07MINBCN
ORD_00070,CUST_7101,22687.04,INR,SUCCESS,DEBIT_CARD,2024-02-07 00:00:00,RPZ_MDAM4HCS
ORD_00533,CUST_1215,9323.36,INR,SUCCESS,UPI,2024-03-07 00:00:00,RPZ_3VG7E07G
ORD_00574,CUST_7115,6462.6,INR,REFUNDED,UPI,2024-03-12 00:00:00,RPZ_RI32ZO9W
ORD_00997,CUST_3833,44202.0,INR,REFUNDED,WALLET,2024-01-18 00:00:00,RPZ_1IHYOLXI
ORD_00228,CUST_2695,42407.07,INR,SUCCESS,CREDIT_CARD,2024-03-06 00:00:00,RPZ_EGP00C6X
ORD_00117,CUST_4894,19891.3,INR,SUCCESS,CREDIT_CARD,2024-03-30 00:00:00,RPZ_QCKZMOU4
ORD_00284,CUST_7779,34338.49,INR,SUCCESS,WALLET,2024-03-18 00:00:41,RPZ_RRGJCVXD
ORD_00734,CUST_3929,24339.81,INR,SUCCESS,DEBIT_CARD,2024-03-04 00:00:00,RPZ_ELOVY2EP
ORD_00191,CUST_2463,43497.79,INR,SUCCESS,DEBIT_CARD,2024-02-04 00:00:00,RPZ_OKZ5DAIQ
ORD_00976,CUST_7696,4132.58,INR,FAILED,DEBIT_CARD,2024-03-18 00:00:00,RPZ_4AC73NKU
ORD_00103,CUST_7626,6551.83,INR,SUCCESS,NET_BANKING,2024-01-02 00:00:00,RPZ_ORQ8WH2F
ORD_00126,CUST_4290,5360.88,INR,FAILED,CREDIT_CARD,2024-03-22 00:00:00,RPZ_JIKUPAJ1
ORD_00538,CUST_9648,37851.92,INR,SUCCESS,UPI,2024-03-25 00:00:00,RPZ_JWUV92B9
ORD_00768,CUST_9118,38001.79,INR,SUCCESS,NET_BANKING,2024-01-27 00:00:00,RPZ_3NK1F53V
ORD_00949,CUST_9040,35815.2,INR,SUCCESS,UPI,2024-01-18 00:00:00,RPZ_TCJYJD9L
ORD_00190,CUST_7560,17031.91,INR,SUCCESS,DEBIT_CARD,2024-03-20 00:01:00,RPZ_QS976S36
ORD_00001,CUST_8887,32123.0,INR,SUCCESS,CREDIT_CARD,2024-01-11 00:00:00,RPZ_2C15D62O
ORD_00131,CUST_2942,49036.41,INR,SUCCESS,NET_BANKING,2024-02-29 00:00:00,RPZ_87BVAAHP
ORD_00149,CUST_5766,19463.19,INR,FAILED,CREDIT_CARD,2024-03-13 00:00:00,RPZ_U0MRMRD6
ORD_00198,CUST_8822,16940.36,INR,SUCCESS,CREDIT_CARD,2024-03-04 00:00:00,RPZ_LNF71GRD
ORD_00983,CUST_9125,4208.88,INR,SUCCESS,DEBIT_CARD,2024-02-10 00:00:00,RPZ_901YA2QM
ORD_00753,CUST_5016,47988.59,INR,SUCCESS,WALLET,2024-01-22 00:00:00,RPZ_8SQGILMO
ORD_00478,CUST_7171,44056.32,INR,REFUNDED,DEBIT_CARD,2024-01-10 00:00:00,RPZ_UGYBRZUT
ORD_00421,CUST_6526,14200.94,INR,SUCCESS,WALLET,2024-03-27 00:00:00,RPZ_CGJGUJIW
ORD_00297,CUST_1938,496.69,INR,SUCCESS,CREDIT_CARD,2024-03-15 00:00:00,RPZ_P6P8OZ2R
ORD_00425,CUST_6088,37047.99,INR,FAILED,NET_BANKING,2024-01-19 00:00:00,RPZ_LNGA7WOE
ORD_00720,CUST_9452,11960.35,INR,SUCCESS,WALLET,2024-03-24 00:00:00,RPZ_KVW2TEM8
ORD_00036,CUST_3529,24497.88,INR,SUCCESS,CREDIT_CARD,2024-01-12 00:00:00,RPZ_O05ZBNFM
ORD_00362,CUST_2476,28139.47,INR,SUCCESS,UPI,2024-03-06 00:00:00,RPZ_3Z4IJC47
ORD_00800,CUST_2783,10179.01,INR,SUCCESS,WALLET,2024-03-21 00:00:00,RPZ_NBLV7QEP
ORD_00590,CUST_7000,49880.98,INR,SUCCESS,NET_BANKING,2024-02-12 00:00:00,RPZ_BZ1N7U8Y
ORD_00076,CUST_5380,47153.37,INR,REFUNDED,CREDIT_CARD,2024-02-21 00:00:00,RPZ_MBW4JW23
ORD_00904,CUST_6102,24027.78,INR,SUCCESS,UPI,2024-02-13 00:00:00,RPZ_REXFK8E6
ORD_00745,CUST_6818,18738.9,INR,FAILED,DEBIT_CARD,2024-03-14 00:00:00,RPZ_9NKIY980
ORD_00895,CUST_1015,16195.23,INR,SUCCESS,NET_BANKING,2024-01-31 00:00:00,RPZ_5Q0BANTJ
ORD_00561,CUST_6985,33395.89,INR,FAILED,DEBIT_CARD,2024-03-06 00:00:00,RPZ_11OBQK25
ORD_00476,CUST_8546,44146.08,INR,FAILED,DEBIT_CARD,2024-03-07 00:00:00,RPZ_TGFZ96F7
ORD_00436,CUST_1468,27516.25,INR,SUCCESS,CREDIT_CARD,2024-01-31 00:00:00,RPZ_2UWPYSUP
ORD_00416,CUST_5961,16025.36,INR,SUCCESS,NET_BANKING,2024-02-07 00:00:00,RPZ_DZQ7VNVC
ORD_00698,CUST_1018,44763.11,INR,SUCCESS,NET_BANKING,2024-02-23 00:00:00,RPZ_P14C24J0
ORD_00905,CUST_8959,30408.89,INR,REFUNDED,DEBIT_CARD,2024-03-16 00:00:00,RPZ_DYA3B903
ORD_00155,CUST_2170,39969.99,INR,SUCCESS,CREDIT_CARD,2024-03-20 00:00:00,RPZ_G0T8H8AZ
ORD_00957,CUST_5974,31384.13,INR,SUCCESS,NET_BANKING,2024-03-10 00:00:00,RPZ_RIL2S7MK
ORD_00019,CUST_2170,14676.45,INR,SUCCESS,NET_BANKING,2024-03-19 00:00:00,RPZ_BH1Q99I2
ORD_00931,CUST_9090,21471.83,INR,REFUNDED,CREDIT_CARD,2024-01-16 00:00:00,RPZ_2AGD00CT
ORD_00064,CUST_2239,26529.2,INR,SUCCESS,UPI,2024-02-10 00:00:00,RPZ_ICUREC91
ORD_00426,CUST_2379,45998.41,INR,SUCCESS,CREDIT_CARD,2024-01-25 00:00:00,RPZ_99W8D2TI
ORD_00987,CUST_2860,30514.55,INR,SUCCESS,CREDIT_CARD,2024-03-21 00:00:00,RPZ_8RVJU5Q7
ORD_00253,CUST_4803,31379.6,INR,SUCCESS,DEBIT_CARD,2024-03-07 00:00:33,RPZ_0YP5A4M0
ORD_00629,CUST_5441,19071.43,INR,SUCCESS,CREDIT_CARD,2024-03-01 00:00:00,RPZ_WVF4WBGY
ORD_00946,CUST_6913,44155.5,INR,SUCCESS,DEBIT_CARD,2024-01-17 00:00:00,RPZ_6DS6W8QZ
ORD_00594,CUST_9659,44723.5,INR,SUCCESS,CREDIT_CARD,2024-03-16 00:00:00,RPZ_56FC7KWD
ORD_00367,CUST_8271,12737.36,INR,SUCCESS,CREDIT_CARD,2024-03-27 00:00:00,RPZ_ODZMO8UU
ORD_00026,CUST_2322,37576.2,INR,SUCCESS,CREDIT_CARD,2024-03-16 00:00:00,RPZ_ARNJUOZL
ORD_00143,CUST_9325,17174.62,INR,SUCCESS,CREDIT_CARD,2024-03-24 00:00:00,RPZ_X72G0ZM1
ORD_00961,CUST_3722,2087.65,INR,FAILED,UPI,2024-01-01 00:00:00,RPZ_9C0F5OMV
ORD_00565,CUST_5097,39214.09,INR,SUCCESS,UPI,2024-03-28 00:00:00,RPZ_9V0UO0KP
ORD_00049,CUST_4957,30633.77,INR,REFUNDED,DEBIT_CARD,2024-02-26 00:00:00,RPZ_9Y72CR6J
ORD_00587,CUST_6357,34758.87,INR,SUCCESS,WALLET,2024-01-19 00:00:00,RPZ_CUFCO79H
ORD_00272,CUST_8023,575.56,INR,SUCCESS,DEBIT_CARD,2024-01-01 00:00:00,RPZ_IAVN7AA7
ORD_00962,CUST_3145,6398.77,INR,SUCCESS,UPI,2024-01-21 00:00:00,RPZ_1D1K8DGF
ORD_00261,CUST_7875,36058.58,INR,SUCCESS,CREDIT_CARD,2024-02-27 00:00:00,RPZ_CDXVHO13
ORD_00756,CUST_3224,48777.32,INR,SUCCESS,CREDIT_CARD,2024-03-29 00:00:00,RPZ_13XLWRWQ
ORD_00270,CUST_2875,16348.01,INR,REFUNDED,UPI,2024-02-02 00:00:00,RPZ_UIB4R9SE
ORD_00532,CUST_9488,19509.43,INR,SUCCESS,CREDIT_CARD,2024-03-10 00:00:00,RPZ_5GKDONZY
ORD_00854,CUST_4155,6623.7,INR,SUCCESS,CREDIT_CARD,2024-03-17 00:00:00,RPZ_LGUXR4L3
ORD_00346,CUST_4925,35406.83,INR,SUCCESS,NET_BANKING,2024-01-13 00:00:00,RPZ_KYYCJOJ0
ORD_00902,CUST_5755,46151.46,INR,FAILED,UPI,2024-01-07 00:00:00,RPZ_BR2HEWTK
ORD_00618,CUST_1486,4765.31,INR,SUCCESS,DEBIT_CARD,2024-02-19 00:00:00,RPZ_YC7UDNZ0
ORD_00486,CUST_1385,19829.12,INR,SUCCESS,CREDIT_CARD,2024-03-21 00:00:00,RPZ_35Q04A7W
ORD_00046,CUST_1053,19701.45,INR,SUCCESS,DEBIT_CARD,2024-03-09 00:00:00,RPZ_Q3DNG535
ORD_00011,CUST_2826,16242.61,INR,SUCCESS,WALLET,2024-03-06 00:00:00,RPZ_NBGP2PSG
ORD_00746,CUST_1321,22163.37,INR,FAILED,CREDIT_CARD,2024-01-03 00:00:00,RPZ_INH6HI0Y
ORD_00312,CUST_4950,1930.66,INR,SUCCESS,UPI,2024-03-22 00:00:00,RPZ_US1T9I60
ORD_00045,CUST_6160,3374.19,INR,FAILED,WALLET,2024-03-18 00:00:00,RPZ_7Y94ZY4P
ORD_00609,CUST_5298,474.37,INR,SUCCESS,NET_BANKING,2024-01-05 00:00:00,RPZ_8PIGT2V7
ORD_00251,CUST_1390,12141.08,INR,SUCCESS,NET_BANKING,2024-03-30 00:00:00,RPZ_Z9ALI33E
ORD_00256,CUST_1164,36542.59,INR,SUCCESS,DEBIT_CARD,2024-01-21 00:00:00,RPZ_TEP70JMC
ORD_00771,CUST_3727,29078.17,INR,SUCCESS,UPI,2024-02-18 00:00:00,RPZ_G8LL2LAY
ORD_00288,CUST_7336,18276.06,INR,SUCCESS,DEBIT_CARD,2024-03-15 00:00:00,RPZ_4WBRNQLX
ORD_00994,CUST_7748,36546.19,INR,SUCCESS,UPI,2024-01-26 00:00:00,RPZ_RXZNFLJ5
ORD_00067,CUST_8469,5709.68,INR,REFUNDED,UPI,2024-03-24 00:00:00,RPZ_A7GXLREN
ORD_00852,CUST_1241,1826.39,INR,REFUNDED,UPI,2024-03-29 00:00:00,RPZ_CYUMJ7GM
ORD_00603,CUST_7328,21534.43,INR,SUCCESS,WALLET,2024-01-04 00:00:00,RPZ_SB7AV2MH
